TITLE,DESCRIPTION,PRICE,CURRENCY_CODE,QUANTITY,TAGS,MATERIALS,IMAGE1,IMAGE2,IMAGE3,IMAGE4,IMAGE5,IMAGE6,IMAGE7,IMAGE8,IMAGE9,IMAGE10,"VARIATION 1 TYPE","VARIATION 1 NAME","VARIATION 1 VALUES","VARIATION 2 TYPE","VARIATION 2 NAME","VARIATION 2 VALUES",SKU
"Kobe Bryant Hoodie, Arabic Calligraphy Art Hoodie, Lakers 24 Sweatshirt, Essential Heavyweight Drop Shoulder, Basketball Streetwear","Gender: Unisex
Model: Loose
Fabric: 85% cotton, 15% polyester
Fabric Weight: 11.2 oz/yd² (380 g/m²)
Fabric Thickness: Moderate
Care Instructions: Machine wash at 30°C (gentle cycle); Do not bleach; Tumble dry low;  Iron at low temperature, avoid ironing on print; Do not dry clean
Features: Basics, Casual, Preppy, Sporty, Street, Daily Casual, Outdoor, School, Sport, Office, Cotton Blend, Long Sleeve, Drop Shoulder, Hooded, Regular, Oversized, Winter
Print Size: 40*52 cm",69.99,USD,999,"Kobe_Bryant_Hoodie,Lakers_Hoodie,Basketball,Arabic_hoodie,Arabic_calligraphy,Arab,Islamic,Heavyweight_hoodie,Drop_shoulder_hoodie,NBA_Hoodie,Vintage,Sweatshirt,Mamba",Cotton,https://i.etsystatic.com/34343828/r/il/0fa85d/7574893627/il_fullxfull.7574893627_nkxl.jpg,https://i.etsystatic.com/34343828/r/il/2f2782/7526952664/il_fullxfull.7526952664_8dxq.jpg,https://i.etsystatic.com/34343828/r/il/d8c9aa/7526936374/il_fullxfull.7526936374_2vqz.jpg,https://i.etsystatic.com/34343828/r/il/480556/7526936390/il_fullxfull.7526936390_rujt.jpg,https://i.etsystatic.com/34343828/r/il/ab7762/7526936396/il_fullxfull.7526936396_llti.jpg,https://i.etsystatic.com/34343828/r/il/56aea9/7526936416/il_fullxfull.7526936416_bspe.jpg,https://i.etsystatic.com/34343828/r/il/8d261c/7574877615/il_fullxfull.7574877615_p70h.jpg,https://i.etsystatic.com/34343828/r/il/a68207/7574877625/il_fullxfull.7574877625_9nbe.jpg,,,Color,"Primary color",Black,"Custom Property",size,"S,M,L,XL,2XL,3XL","251220PODRB3347#002,251220PODRB3347#003,251220PODRB3347#004,251220PODRB3347#006,251220PODRB3347#001,251220PODRB3347#005"
"Baggy Sweatpants - 100% Cotton Snow Wash Heavyweight Joggers","These snow-washed heavyweight sweatpants are built for comfort, structure, and everyday streetwear style. Designed with a relaxed oversized fit and soft heavyweight cotton, they deliver a premium feel with a naturally faded, worn-in look.

Perfect for lounging, layering, or completing a full streetwear fit, these pants balance comfort and style effortlessly.

Gender: Unisex
Model: Regular
Fabric: 100% cotton
Fabric Weight: 12.4 oz/yd² (420 g/m²)
Fabric Thickness: Thick
Care Instructions: Machine wash at 30°C (gentle cycle); Do not bleach; Tumble dry low;  Iron at low temperature, avoid ironing on print; Do not dry clean
Features: Basics, Casual, Sporty, Street, Vintage, Daily Casual, Outdoor, Running, Sport, Pure Cotton, Washed, Snow Wash, Drawstring, Long, Loose, Mid Waist, Spring, Autumn, Winter
Print Size: 40*52 cm",69.99,USD,962,"Wide_leg_sweatpants,baggy_sweats,baggy_sweatpants,baggy_gym_pants,vintage_sweatpants,baggy_joggers,hip_hop_dance_pants,martial_arts_pants,baggy_dance_pants,fleece_lined_joggers,flowy_yoga_pants,terry_cloth_joggers,islamic_pants",Cotton,https://i.etsystatic.com/34343828/r/il/c04ff0/7545987778/il_fullxfull.7545987778_q544.jpg,https://i.etsystatic.com/34343828/r/il/4b0cca/7593925975/il_fullxfull.7593925975_88sj.jpg,https://i.etsystatic.com/34343828/r/il/dc9fdd/7593925991/il_fullxfull.7593925991_67xc.jpg,https://i.etsystatic.com/34343828/r/il/2e1448/7545987826/il_fullxfull.7545987826_7jf3.jpg,https://i.etsystatic.com/34343828/r/il/2e72ba/7593926063/il_fullxfull.7593926063_oh40.jpg,https://i.etsystatic.com/34343828/r/il/cf54c6/7593926103/il_fullxfull.7593926103_o2wr.jpg,https://i.etsystatic.com/34343828/r/il/0318aa/7545987908/il_fullxfull.7545987908_l45p.jpg,https://i.etsystatic.com/34343828/r/il/a19b56/7593926155/il_fullxfull.7593926155_h3cq.jpg,https://i.etsystatic.com/34343828/r/il/2896e9/7545987966/il_fullxfull.7545987966_10us.jpg,https://i.etsystatic.com/34343828/r/il/55f514/7545987978/il_fullxfull.7545987978_7u95.jpg,Color,"Primary color",Black,"Custom Property",size,"S,M,L,XL,2XL","251228PODPX2125#002,251228PODPX2125#005,251228PODPX2125#001,251228PODPX2125#003,251228PODPX2125#004"
"Baggy Sweatpants - 100% Heavyweight Cotton Raw Edge Pants","Streetwear meets ultimate comfort in our heavyweight snow-washed sweatpants.
Designed with a loose, boxy silhouette and a unique raw-edge tape detail, these aren't your average joggers. Crafted from 420 g/m² (12.4 oz) pure cotton, they offer a substantial, premium feel that drapes perfectly for that sought-after ""stacked"" or wide-leg look. The snow-wash treatment ensures that every pair has its own unique, vintage-inspired character.
Gender: Unisex
Model: Loose
Fabric: 100% cotton
Fabric Weight: 12.4 oz/yd² (420 g/m²)
Fabric Thickness: Thick
Care Instructions: Machine wash at 30°C (gentle cycle); Do not bleach; Tumble dry low;  Iron at low temperature, avoid ironing on print; Do not dry clean
Features: Basics, Sporty, Vintage, Casual, Daily Casual, Outdoor, Holiday, Sport, Office, School, Pure Cotton, Snow Wash, Patchwork, Regular, Regular, Mid Waist, Autumn, Winter
Print Size: 40*52cm",69.99,USD,998,"wide_leg_sweatpants,baggy_sweatpants,baggy_sweats,baggy_gym_pants,vintage_sweatpants,baggy_joggers,baggy_dance_pants,fleece_lined_joggers,islamic_pants,martial_arts_pants,hip_hop_dance_pants,terry_cloth_joggers,flowy_yoga_pants",Cotton,https://i.etsystatic.com/34343828/r/il/4d88a6/7933355359/il_fullxfull.7933355359_75i0.jpg,https://i.etsystatic.com/34343828/r/il/dfa8e2/7885390964/il_fullxfull.7885390964_n3en.jpg,https://i.etsystatic.com/34343828/r/il/f9a9fa/7885390986/il_fullxfull.7885390986_tuo8.jpg,https://i.etsystatic.com/34343828/r/il/f410b3/7933355117/il_fullxfull.7933355117_jdbj.jpg,https://i.etsystatic.com/34343828/r/il/df5177/7933355173/il_fullxfull.7933355173_2w68.jpg,https://i.etsystatic.com/34343828/r/il/dbede5/7933355217/il_fullxfull.7933355217_pt0t.jpg,https://i.etsystatic.com/34343828/r/il/813f3a/7885391244/il_fullxfull.7885391244_4knh.jpg,https://i.etsystatic.com/34343828/r/il/2420e3/7933355235/il_fullxfull.7933355235_obtd.jpg,https://i.etsystatic.com/34343828/r/il/d842d7/7933355273/il_fullxfull.7933355273_elfs.jpg,https://i.etsystatic.com/34343828/r/il/520ed7/7933355407/il_fullxfull.7933355407_7p1b.jpg,Color,"Primary color","Black,Light Gray,Khaki,Dark Gray","Custom Property",size,"S,M,L,XL,2XL","260407PODPX2790#006,260407PODPX2790#007,260407PODPX2790#008,260407PODPX2790#011,260407PODPX2790#012,260407PODPX2790#014,260407PODPX2790#015,260407PODPX2790#001,260407PODPX2790#002,260407PODPX2790#003,260407PODPX2790#004,260407PODPX2790#005,260407PODPX2790#009,260407PODPX2790#010,260407PODPX2790#013,260407PODPX2790#016,260407PODPX2790#017,260407PODPX2790#018,260407PODPX2790#019,260407PODPX2790#020"
"Palestinian Hoodie - Keffiyeh Resistance Design Heavyweight Arabic Graphic Sweatshirt","Make a statement that can’t be ignored. This bold hoodie features a striking keffiyeh graphic and powerful message in both Arabic and English. Built for comfort and impact, it’s more than just a hoodie, it’s a symbol.

Gender: Unisex
Model: Regular
Fabric: 42% cotton, 53% polyester, 5% other fibers
Fabric Weight: 10.3 oz/yd² (350 g/m²)
Fabric Thickness: Thick
Fabric Stretch: Slight Stretch
Care Instructions: Machine wash at 30°C (gentle cycle); Do not bleach; Tumble dry low;  Iron at low temperature, avoid ironing on print; Do not dry clean
Features: Basics, Casual, Street, Daily Casual, Outdoor, Cotton Blend, Drawstring, Long Sleeve, Rib Cuffs, Hooded, Long, Loose, Winter",69.99,USD,974,"arabic_hoodie,islamic_hoodie,arabic_calligraphy,modest_gym_wear,muslim_streetwear,palestine_hoodie,palestinian_hoodie,keffiyeh_hoodie,extra_thick_hoodie,arabic_text_hoodie,oversized_sweatshirt,arabic_sweatshirt,arabic_streetwear",Cotton,https://i.etsystatic.com/34343828/r/il/230b83/7332124010/il_fullxfull.7332124010_blnh.jpg,https://i.etsystatic.com/34343828/r/il/9c1125/7332122874/il_fullxfull.7332122874_ay5s.jpg,https://i.etsystatic.com/34343828/r/il/81c9d5/7387009479/il_fullxfull.7387009479_47xq.jpg,https://i.etsystatic.com/34343828/r/il/eea193/7380031843/il_fullxfull.7380031843_exxc.jpg,https://i.etsystatic.com/34343828/r/il/2c3b80/7332088076/il_fullxfull.7332088076_q8bo.jpg,https://i.etsystatic.com/34343828/r/il/e68220/7380031883/il_fullxfull.7380031883_nfui.jpg,https://i.etsystatic.com/34343828/r/il/284415/7380031931/il_fullxfull.7380031931_lc9b.jpg,https://i.etsystatic.com/34343828/r/il/f28154/7380031985/il_fullxfull.7380031985_5xdq.jpg,https://i.etsystatic.com/34343828/r/il/72cd27/7380032017/il_fullxfull.7380032017_b61s.jpg,,Color,"Primary color",Black,"Custom Property",size,"S,M,L,XL,2XL","251028PODRB3000#002,251028PODRB3000#004,251028PODRB3000#001,251028PODRB3000#003,251028PODRB3000#005"
"Snow Wash Oversized Cotton Pants – Drawstring Relaxed Fit Streetwear Sweatpants, Vintage Washed Unisex Pants","These snow-washed oversized cotton pants are built for comfort, versatility, and everyday streetwear style. Designed with a relaxed silhouette and soft washed finish, they deliver that worn-in vintage look while staying clean and modern.

Perfect for lounging, styling with hoodies or tees, or completing a full streetwear fit.

Gender: Unisex
Model: Loose
Fabric: 100% cotton
Fabric Weight: 7.1 oz/yd² (240 g/m²)
Fabric Thickness: Thick
Care Instructions: Machine wash at 30°C (gentle cycle); Do not bleach; Tumble dry low;  Iron at low temperature, avoid ironing on print; Do not dry clean
Features: Basics, Casual, Sporty, Street, Vintage, Daily Casual, Outdoor, School, Sport, Office, Pure Cotton, Washed, Drawstring, Pocket, Regular, Loose, Mid Waist, Spring, Autumn, Winter
Print Size: 40*52 cm",69.99,USD,996,"Cotton_loose_fit,Handcrafted_comfort,Thick_cotton_fabric,Loose_fit_joggers,Wide_leg_sweatpants,casual_everyday_wear,mid_waist_drawstring,vintage,wide,soft_fabric,baggy_sweats,flared,pants",Cotton,https://i.etsystatic.com/34343828/r/il/da3c53/7545974406/il_fullxfull.7545974406_d1tq.jpg,https://i.etsystatic.com/34343828/r/il/fbb598/7593912229/il_fullxfull.7593912229_kg4c.jpg,https://i.etsystatic.com/34343828/r/il/26f252/7545974454/il_fullxfull.7545974454_jmd6.jpg,https://i.etsystatic.com/34343828/r/il/d38832/7545974498/il_fullxfull.7545974498_buns.jpg,https://i.etsystatic.com/34343828/r/il/b7f37d/7545974528/il_fullxfull.7545974528_e9hq.jpg,https://i.etsystatic.com/34343828/r/il/e407c4/7545974564/il_fullxfull.7545974564_a77q.jpg,https://i.etsystatic.com/34343828/r/il/3b7e64/7545974618/il_fullxfull.7545974618_i3kn.jpg,https://i.etsystatic.com/34343828/r/il/4addcd/7545974650/il_fullxfull.7545974650_mp6n.jpg,,,Color,"Primary color",Black,"Custom Property",size,"S,M,L,XL,2XL","251228PODPX2095#001,251228PODPX2095#003,251228PODPX2095#002,251228PODPX2095#004,251228PODPX2095#005"
"Distressed Arabic Calligraphy Hoodie, Washed Islamic Streetwear Sweatshirt, Vintage Frayed Middle Eastern Graphic Hoodie","This black vintage-washed hoodie features a striking vertical Arabic calligraphy design alongside a textured crescent moon. Accented with a distressed, paint-splattered effect, the piece blends deep cultural artistry with an urban, grunge aesthetic. Perfect for those who carry both heritage and style in every step.

Gender: Unisex
Model: Loose
Fabric: 42% cotton, 53% polyester, 5% other fibers
Fabric Weight: 10.6 oz/yd² (360 g/m²)
Fabric Thickness: Thick
Fabric Stretch: Slight Stretch
Care Instructions: Machine wash at 30°C (gentle cycle); Do not bleach; Tumble dry low;  Iron at low temperature; avoid ironing on print. Do not dry clean
Features: Casual, Street, Daily Casual, Pure Cotton, Washed, Frayed, Long Sleeve, Hooded, Regular, Loose, Autumn, Winter",77.99,USD,997,"Islamic_hoodie,Arabic_Calligraphy,Vintage_arabic,Arab_sweatshirt,Allah_hoodie,Muslim,Cool_Arabic_hoodie,Heavyweight_Hoodie,vintage_islamic,frayed,Streetwear,Arabic_art,crescent_moon_hoodie",Fleece,https://i.etsystatic.com/34343828/r/il/eb7b5e/7482763972/il_fullxfull.7482763972_12h1.jpg,https://i.etsystatic.com/34343828/r/il/ffa0db/7530689417/il_fullxfull.7530689417_glty.jpg,https://i.etsystatic.com/34343828/r/il/e2582f/7101409156/il_fullxfull.7101409156_5yvb.jpg,https://i.etsystatic.com/34343828/r/il/6a1669/7101409142/il_fullxfull.7101409142_mihm.jpg,https://i.etsystatic.com/34343828/r/il/8886ea/7373688530/il_fullxfull.7373688530_3dlv.jpg,https://i.etsystatic.com/34343828/r/il/c2d9d7/7373688828/il_fullxfull.7373688828_kr48.jpg,https://i.etsystatic.com/34343828/r/il/83153e/7421611425/il_fullxfull.7421611425_lpqb.jpg,https://i.etsystatic.com/34343828/r/il/3b8791/7149377927/il_fullxfull.7149377927_ogza.jpg,https://i.etsystatic.com/34343828/r/il/e5193f/7421614419/il_fullxfull.7421614419_t5vp.jpg,https://i.etsystatic.com/34343828/r/il/de6a5a/7373686908/il_fullxfull.7373686908_gh4c.jpg,Color,"Primary color",Black,"Custom Property",size,"S,M,L,XL,2XL","250812PODRB1899#003,250812PODRB1899#005,250812PODRB1899#001,250812PODRB1899#002,250812PODRB1899#004"
"Palestine Shirt - Oversized Acid Washed Tee","Make a statement without saying a word. This snow-washed oversized T-shirt features a bold resistance-inspired graphic with Arabic text, blending streetwear culture, identity, and meaning into one powerful piece.

Designed for comfort and presence, this tee has a vintage washed finish, relaxed oversized fit, and heavyweight cotton feel — perfect for everyday wear or making a statement wherever you go.

Gender: Unisex
Model: Loose
Fabric: 100% cotton
Fabric Weight: 7.4 oz/yd² (250 g/m²)
Fabric Thickness: Moderate
Fabric Stretch: Slight Stretch
Care Instructions: Machine wash at 30°C (gentle cycle); Do not bleach; Tumble dry low;  Iron at low temperature, avoid ironing on print; Do not dry clean
Features: Casual, Street, Daily Casual, Outdoor, School, Pure Cotton, Snow Wash, Washed, Short Sleeve, Drop Shoulder, Round Neck / O-Neck, Regular, Loose, Summer
Print Size: 40*52 cm",49.99,USD,970,"palestine_shirt,palestine_t_shirt,palestinian_shirt,resistance_shirt,resistance_tee,palestine_tee,keffiyeh,keffiyeh_shirt,palestine,acid_wash_shirt,arabic_shirt,palestine_gift,solidarity_shirt",Cotton,https://i.etsystatic.com/34343828/r/il/e3fe52/7612740977/il_fullxfull.7612740977_e58j.jpg,https://i.etsystatic.com/34343828/r/il/6a8019/7564796380/il_fullxfull.7564796380_3fiz.jpg,https://i.etsystatic.com/34343828/r/il/b6586a/7589358229/il_fullxfull.7589358229_g727.jpg,https://i.etsystatic.com/34343828/r/il/51d1e5/7996760694/il_fullxfull.7996760694_o1c6.jpg,https://i.etsystatic.com/34343828/r/il/6353af/7589358273/il_fullxfull.7589358273_leep.jpg,https://i.etsystatic.com/34343828/r/il/597adf/7564793532/il_fullxfull.7564793532_paqz.jpg,https://i.etsystatic.com/34343828/r/il/061614/7612739289/il_fullxfull.7612739289_e1jt.jpg,https://i.etsystatic.com/34343828/r/il/9f151d/7564795814/il_fullxfull.7564795814_ai0k.jpg,,,Color,"Primary color",Black,"Custom Property",size,"S,M,L,XL,2XL,3XL","251226PODPQ2554#005,251226PODPQ2554#001,251226PODPQ2554#002,251226PODPQ2554#003,251226PODPQ2554#004,251226PODPQ2554#006"
"Arabic Baggy Sweatpants: Pure Cotton, Loose Fit - Handcrafted Comfort","Experience the effortless comfort of these baggy sweatpants, designed for those who appreciate a loose fit and casual style with an Arabic calligraphy style and twist. Crafted from 100% pure cotton, these wide sweatpants blend vintage charm with modern streetwear vibes, perfect for everyday wear. Whether you're lounging at home or stepping out, their oversized jogger silhouette ensures you stay cool and comfy all day long.

- ✅ 100% thick cotton fabric for durability and breathability
- ✅ Loose fit with mid-waist drawstring for adjustable comfort
- ✅ Suitable for spring, autumn, and winter seasons
- ✅ Machine washable at 30°C on gentle cycle; tumble dry low; iron on low heat avoiding prints

Each pair is handcrafted, making every item unique with natural variations that celebrate artisanal quality.

- Processing time includes careful handcrafting to ensure quality
- Ships promptly with secure packaging to maintain product integrity
- Custom orders not available; please refer to sizing chart before purchase

Our shop is dedicated to delivering timeless basics that combine comfort and style effortlessly. We take pride in offering handcrafted pieces that elevate your daily wardrobe with authenticity and care.",69.99,USD,998,"Cotton_loose_fit,handcrafted_comfort,Wide_leg_sweatpants,Soft_fabric_joggers,Baggy_joggers,y2k_sweats,Free_Palestine,Arabic_pants,Arabic_calligraphy,Arab_clothing,Islamic_clothing,Eid_gift_ideas,Streetwear",Cotton,https://i.etsystatic.com/34343828/r/il/6a7675/7927650244/il_fullxfull.7927650244_9ves.jpg,https://i.etsystatic.com/34343828/r/il/c4c14a/7927650268/il_fullxfull.7927650268_ovys.jpg,https://i.etsystatic.com/34343828/r/il/6c1ae0/7975604541/il_fullxfull.7975604541_ssnp.jpg,https://i.etsystatic.com/34343828/r/il/bc654d/7975604567/il_fullxfull.7975604567_i31p.jpg,https://i.etsystatic.com/34343828/r/il/0f8af5/7927650364/il_fullxfull.7927650364_6pma.jpg,https://i.etsystatic.com/34343828/r/il/396267/7975604653/il_fullxfull.7975604653_oefo.jpg,https://i.etsystatic.com/34343828/r/il/ccefdd/7927650424/il_fullxfull.7927650424_s1l9.jpg,https://i.etsystatic.com/34343828/r/il/03951c/7975604721/il_fullxfull.7975604721_lp87.jpg,https://i.etsystatic.com/34343828/r/il/2ebfde/7975604751/il_fullxfull.7975604751_syf0.jpg,https://i.etsystatic.com/34343828/r/il/3f29a0/7975604803/il_fullxfull.7975604803_bmke.jpg,Color,"Primary color",Black,"Custom Property",size,"S,M,L,XL,2XL","260419PODPX2333#005,260419PODPX2333#001,260419PODPX2333#004,260419PODPX2333#003,260419PODPX2333#002"
"Arabic Calligraphy Rahma Mercy Tee – Boxy Vintage Islamic Streetwear, Minimal Cotton Shirt","Showcase grace and meaning with this clean, modern tee featuring the word ""Rahma"" (رحمة) – Arabic for mercy. Blend spiritual elegance with minimalist streetwear vibes.

Gender: Unisex
Model: Loose
Fabric: 100% Cotton
Fabric Weight :7.7 oz/yd² (260 g/m²)
Fabric Thickness: Moderate
Care Instructions: Machine wash at 30°C (gentle cycle); Do not bleach; Tumble dry low;  Iron at low temperature, avoid ironing on print; Do not dry clean
Features: Basics, Casual, Street, Daily Casual, Outdoor, Pure Cotton, Washed, Short Sleeve, Drop Shoulder, Round Neck / O-Neck, Regular, Loose, Summer, Autumn
Print Size: 40*52cm
Notes: Minor batch differences can occur during blank garment production due to variations in fabric, dye and processing. This is common in apparel manufacturing, and we work hard to keep every item consistent.",49.99,USD,997,"Arabic_Calligraphy,Oversized_tee,Boxy_fit,Arabic_T-shirt,Vintage_Arabic,Drop_Shoulder,Cropped_fit,Islamic_Shirt,Islamic_tee,Allah_shirt,Arab_shirt,Cool_arabic",Cotton,https://i.etsystatic.com/34343828/r/il/ebba95/7482771204/il_fullxfull.7482771204_qkuj.jpg,https://i.etsystatic.com/34343828/r/il/833d83/7075262101/il_fullxfull.7075262101_nc6y.jpg,https://i.etsystatic.com/34343828/r/il/548c8f/7075262115/il_fullxfull.7075262115_8ijm.jpg,https://i.etsystatic.com/34343828/r/il/68a506/7075262149/il_fullxfull.7075262149_3fss.jpg,https://i.etsystatic.com/34343828/r/il/d24eec/7075262127/il_fullxfull.7075262127_7ptk.jpg,https://i.etsystatic.com/34343828/r/il/1fb7a7/7027285162/il_fullxfull.7027285162_7pgd.jpg,https://i.etsystatic.com/34343828/r/il/a7e8e4/7027285140/il_fullxfull.7027285140_av39.jpg,https://i.etsystatic.com/34343828/r/il/0ad838/7091751942/il_fullxfull.7091751942_pj2y.jpg,https://i.etsystatic.com/34343828/r/il/e24b0f/7091753032/il_fullxfull.7091753032_6q66.jpg,https://i.etsystatic.com/34343828/r/il/e023af/7482772030/il_fullxfull.7482772030_gvhs.jpg,Color,"Primary color","Black,Haze Gray,Gray Green","Custom Property",Size,"S,M,L,XL,2XL","250717PODPQ1379#002,250717PODPQ1379#003,250717PODPQ1379#004,250717PODPQ1379#005,250717PODPQ1379#008,250717PODPQ1379#010,250717PODPQ1379#012,250717PODPQ1379#013,250717PODPQ1379#015,250717PODPQ1379#001,250717PODPQ1379#006,250717PODPQ1379#007,250717PODPQ1379#009,250717PODPQ1379#011,250717PODPQ1379#014"
"Arabic Calligraphy Compression Shirt, Islamic Workout Tee for Men, Muslim Gym Performance T-Shirt, Athletic Training Top with Arabic Design","A bold declaration of faith — this tee features the powerful phrase ""لا إله إلا الله"" (La Ilaha Illa Allah) meaning There is no god but Allah, printed across the chest in elegant Arabic calligraphy. Designed with simplicity and strength, this piece is a daily reminder of purpose, belief, and devotion.

Gender: Men
Model: Skinny
Fabric: 87% Polyester, 13% Spandex
Fabric Weight: 5.9 oz/yd² (200 g/m²)
Fabric Thickness: Moderate
Fabric Stretch: High Stretch
Care Instructions: Machine wash at 30°C (gentle cycle); Do not bleach; Tumble dry low;  Iron at low temperature; avoid ironing on print. Do not dry clean
Features: Casual, Sporty, Daily Casual, Gym, Sport, Running, Short Sleeve, Raglan Sleeve, Round Neck/O-Neck, Regular, Skinny, Summer",34.99,USD,995,"Islamic_Gym_shirt,Compression_T-Shirt,Sports_shirt,Arabic_shirt,Arabic_Calligraphy,Arabic_Compression,Arabic_Gym_shirt,Free_Palestine,Allah_shirt,Islamic_shirt,Cool_Gym_shirt,Compression_Tee",,https://i.etsystatic.com/34343828/r/il/84c398/7482747062/il_fullxfull.7482747062_a842.jpg,https://i.etsystatic.com/34343828/r/il/759b07/7482747140/il_fullxfull.7482747140_j54o.jpg,https://i.etsystatic.com/34343828/r/il/d7092d/7119139109/il_fullxfull.7119139109_nilv.jpg,https://i.etsystatic.com/34343828/r/il/1e6087/7119139123/il_fullxfull.7119139123_6uxm.jpg,https://i.etsystatic.com/34343828/r/il/af44e7/7071194728/il_fullxfull.7071194728_iqo6.jpg,https://i.etsystatic.com/34343828/r/il/de45ec/7119139177/il_fullxfull.7119139177_o4z6.jpg,,,,,Color,"Primary color",Black,"Custom Property",size,"S,M,L,XL,2XL","250801PODRZ2026#002,250801PODRZ2026#003,250801PODRZ2026#004,250801PODRZ2026#001,250801PODRZ2026#005"
"Vintage Arabic Baggy Sweats Quick Dry Mesh-Lined","Step into comfort with meaning. These black streetwear sweatpants feature the Arabic word ""حرية"" (Hurriya) – meaning freedom – printed in bold white script across the thigh. Clean, minimalist, and powerful, they’re made for anyone who walks with purpose and pride.

Gender: Unisex
Model: Loose
Fabric: 59.75%Cotton, 40.25%polyester
Fabric Weight: 7.1 oz/yd² (240 g/m²)
Fabric Thickness: Moderate
Care Instructions: Machine wash at 30°C (gentle cycle); Do not bleach; Tumble dry low;  Iron at low temperature, avoid ironing on print; Do not dry clean
Features: Basics, Casual, Sporty, Daily Casual, Outdoor, Running, Sport, Cotton Blend, Drawstring, Long, Loose, Mid Waist, Spring, Summer, Autumn",69.99,USD,998,"Baggy,Arabic,Vintage,Sweats,Pants,Sweatpants,Cool,Arab,Freedom,Palestine,Wide,Soft,Islamic",,https://i.etsystatic.com/34343828/r/il/9151bd/7008121360/il_fullxfull.7008121360_kx6t.jpg,https://i.etsystatic.com/34343828/r/il/eff7ae/7056102767/il_fullxfull.7056102767_jcpl.jpg,https://i.etsystatic.com/34343828/r/il/869ea4/7056102787/il_fullxfull.7056102787_qoyd.jpg,https://i.etsystatic.com/34343828/r/il/f7af26/7056102815/il_fullxfull.7056102815_72pc.jpg,https://i.etsystatic.com/34343828/r/il/526f40/7056102849/il_fullxfull.7056102849_a7d7.jpg,https://i.etsystatic.com/34343828/r/il/19db5c/7056102883/il_fullxfull.7056102883_l4fc.jpg,https://i.etsystatic.com/34343828/r/il/06cf3c/7056102931/il_fullxfull.7056102931_cqpm.jpg,https://i.etsystatic.com/34343828/r/il/be14ac/7056102939/il_fullxfull.7056102939_2owo.jpg,,,Color,"Primary color",Black,"Custom Property",Size,"S,M,L,XL","250710PODPX1387#003,250710PODPX1387#001,250710PODPX1387#002,250710PODPX1387#004"
"Distressed Palestine Streetwear Hoodie, Keffiyeh Graphic Design, Hand Frayed  Sweatshirt, Al-Aqsa Sweater","Make a statement that can’t be ignored. This bold hoodie features a striking keffiyeh and Al-Aqsa graphic and powerful message in both Arabic and English. Saying ""La ilaha Illa Allah"" meaning There is no God but Allah. Built for comfort and impact, it’s more than just a hoodie, it’s a symbol.

Gender: Unisex
Model: Loose
Fabric: 42% cotton, 53% polyester, 5% other fibers
Fabric Weight: 10.6 oz/yd² (360 g/m²)
Fabric Thickness: Thicken
Fabric Stretch: Slight Stretch
Care Instructions: Machine wash at 30°C (gentle cycle); Do not bleach; Tumble dry low;  Iron at low temperature, avoid ironing on print; Do not dry clean
Features: Casual, Street, Daily Casual, Pure Cotton, Washed, Frayed, Long Sleeve, Hooded, Regular, Loose, Autumn, Winter",77.64,USD,999,"Free_Palestine,Arabic_calligraphy,Arab_shirt,vintage_arabic,filisteen_hoodie,Palestinian_hoodie,Keffiyeh_design,Activist_streetwear,Islamic_gift_ideas,Eid_gift_idea,Arabic_art,Oversized_streetwear,Middle_Eastern_art",,https://i.etsystatic.com/34343828/r/il/f66f62/7944107955/il_fullxfull.7944107955_msiv.jpg,https://i.etsystatic.com/34343828/r/il/f404b7/7944107983/il_fullxfull.7944107983_bibb.jpg,https://i.etsystatic.com/34343828/r/il/978926/7896150334/il_fullxfull.7896150334_s3vb.jpg,https://i.etsystatic.com/34343828/r/il/34fc60/7896150374/il_fullxfull.7896150374_j60q.jpg,https://i.etsystatic.com/34343828/r/il/619bc9/7944108107/il_fullxfull.7944108107_8ubt.jpg,https://i.etsystatic.com/34343828/r/il/ea027b/7944108145/il_fullxfull.7944108145_6lo0.jpg,https://i.etsystatic.com/34343828/r/il/8edcd3/7944108177/il_fullxfull.7944108177_pl4x.jpg,https://i.etsystatic.com/34343828/r/il/30c6c4/7896150550/il_fullxfull.7896150550_77x8.jpg,https://i.etsystatic.com/34343828/r/il/5fd048/7944108247/il_fullxfull.7944108247_n6r8.jpg,,Color,"Primary color",Black,"Custom Property",size,"S,M,L,XL,2XL","260410PODRB1899#001,260410PODRB1899#003,260410PODRB1899#004,260410PODRB1899#005,260410PODRB1899#002"
"Arabic Calligraphy Compression Shirt, Islamic Gym Workout Tee, Bismillah Fitness Top, Muslim Activewear, Men's Training Baselayer Shirt","A bold declaration of faith — this tee features the powerful phrase ""لا إله إلا الله"" (La Ilaha Illa Allah) meaning There is no god but Allah, printed across the chest in elegant Arabic calligraphy. Designed with simplicity and strength, this piece is a daily reminder of purpose, belief, and devotion.

Gender: Men
Model: Skinny
Fabric: 87% Polyester, 13% Spandex
Fabric Weight: 5.9 oz/yd² (200 g/m²)
Fabric Thickness: Moderate
Fabric Stretch: High Stretch
Care Instructions: Machine wash at 30°C (gentle cycle); Do not bleach; Tumble dry low;  Iron at low temperature; avoid ironing on print. Do not dry clean
Features: Casual, Sporty, Daily Casual, Gym, Sport, Running, Short Sleeve, Raglan Sleeve, Round Neck/O-Neck, Regular, Skinny, Summer",34.99,USD,997,"Compression_Tee,Islamic_Gym_shirt,Arabic_calligraphy,Allah_shirt,Cool_gym_shirt,Arabic_Gym_shirt,Vintage_Gym_shirt,tight_fit,Sport_shirt,Tight_Arabic_shirt,Form_fit_shirt,Islamic_sport_shirt,Free_Palestine",,https://i.etsystatic.com/34343828/r/il/782ae0/7530685549/il_fullxfull.7530685549_4f00.jpg,https://i.etsystatic.com/34343828/r/il/a34d4f/7482735992/il_fullxfull.7482735992_ny4s.jpg,https://i.etsystatic.com/34343828/r/il/1b5fe5/7071196934/il_fullxfull.7071196934_5qw7.jpg,https://i.etsystatic.com/34343828/r/il/42e03a/7071196956/il_fullxfull.7071196956_7afh.jpg,https://i.etsystatic.com/34343828/r/il/0b8baf/7119141491/il_fullxfull.7119141491_2q3s.jpg,https://i.etsystatic.com/34343828/r/il/4700bb/7071197052/il_fullxfull.7071197052_l2ou.jpg,,,,,Color,"Primary color",White,"Custom Property",size,"S,M,L,XL,2XL","250801PODRZ2031#001,250801PODRZ2031#005,250801PODRZ2031#002,250801PODRZ2031#003,250801PODRZ2031#004"
"Vintage Washed Arabic Calligraphy T-Shirt – Oversized Islamic Quran Art Tee, Muslim Streetwear","This vintage tee features a bold circular design of layered Arabic Islamic calligraphy forming verses from the Quran. The 4 Kuls. The textured orange and blue rings speak to depth, identity, and precision—this piece hits hard visually and symbolically.
Gender: Unisex
Model: Loose
Fabric: 100% cotton
Fabric Weight: 7.4 oz/yd² (250 g/m²)
Fabric Thickness: Moderate
Fabric Stretch: Slight Stretch
Care Instructions: Machine wash at 30°C (gentle cycle); Do not bleach; Tumble dry low;  Iron at low temperature, avoid ironing on print; Do not dry clean
Features: Casual, Street, Daily Casual, Outdoor, School, Pure Cotton, Snow Wash, Washed, Short Sleeve, Drop Shoulder, Round Neck / O-Neck, Regular, Loose, Summer
Print Size: 40*52 cm",49.99,USD,998,"Islamic,Islamic_Shirt,Quran,Free_Palestine,Islamic_hoodie,Oversized_vintage,Graphic_tee,Arabic_calligraphy,Vintage_Arabic,Keffiyeh,Filisteen,Palestine_T-shirt,Vintage_Arab",,https://i.etsystatic.com/34343828/r/il/80bd3a/7813284671/il_fullxfull.7813284671_rcr7.jpg,https://i.etsystatic.com/34343828/r/il/593d9e/7765338798/il_fullxfull.7765338798_px1n.jpg,https://i.etsystatic.com/34343828/r/il/03dc71/7765329886/il_fullxfull.7765329886_qv5n.jpg,https://i.etsystatic.com/34343828/r/il/09ce95/7765329920/il_fullxfull.7765329920_5lnu.jpg,https://i.etsystatic.com/34343828/r/il/d1532f/7813275761/il_fullxfull.7813275761_63ji.jpg,https://i.etsystatic.com/34343828/r/il/057d4a/7813275853/il_fullxfull.7813275853_33l6.jpg,https://i.etsystatic.com/34343828/r/il/a0d938/7765330094/il_fullxfull.7765330094_5di3.jpg,https://i.etsystatic.com/34343828/r/il/ecc301/7765330162/il_fullxfull.7765330162_o5it.jpg,https://i.etsystatic.com/34343828/r/il/417524/7813276007/il_fullxfull.7813276007_kpg7.jpg,,Color,"Primary color",Black,"Custom Property",size,"S,M,L,XL,2XL,3XL","260303PODPQ4286#004,260303PODPQ4286#006,260303PODPQ4286#001,260303PODPQ4286#002,260303PODPQ4286#003,260303PODPQ4286#005"
"Abstract Arabic Calligraphy Oversized T-Shirt – Snow Washed Streetwear Graphic Tee","A statement in motion.
This oversized snow-washed tee blends modern streetwear with expressive Arabic calligraphy, finished with raw brushstroke energy and a washed vintage feel. Designed for people who appreciate subtle symbolism, texture, and intentional design.

Each shirt features a bold abstract brush composition on the back, giving it a gallery-piece aesthetic while staying wearable and minimal from the front.

Perfect for everyday fits, layering, or elevated street looks.

Gender: Unisex
Model: Loose
Fabric: 100% cotton
Fabric Weight: 7.4 oz/yd² (250 g/m²)
Fabric Thickness: Moderate
Fabric Stretch: Slight Stretch
Care Instructions: Machine wash at 30°C (gentle cycle); Do not bleach; Tumble dry low;  Iron at low temperature, avoid ironing on print; Do not dry clean
Features: Casual, Street, Daily Casual, Outdoor, School, Pure Cotton, Snow Wash, Washed, Short Sleeve, Drop Shoulder, Round Neck / O-Neck, Regular, Loose, Summer
Print Size: 40*52 cm",49.99,USD,996,"islamic,arabic,arabic_calligraphy,muslim,vintage,oversized_tee,heavyweight_t_shirt,Free_Palestine,Arabic_art,islamic_shirt,drop_shoulder,faded,t_shirt",,https://i.etsystatic.com/34343828/r/il/9db73c/7564801692/il_fullxfull.7564801692_5quv.jpg,https://i.etsystatic.com/34343828/r/il/1665ec/7612746863/il_fullxfull.7612746863_1q5x.jpg,https://i.etsystatic.com/34343828/r/il/137947/7547925454/il_fullxfull.7547925454_1m1y.jpg,https://i.etsystatic.com/34343828/r/il/e4a729/7595865285/il_fullxfull.7595865285_4wal.jpg,https://i.etsystatic.com/34343828/r/il/93fb2a/7547925500/il_fullxfull.7547925500_bt7h.jpg,https://i.etsystatic.com/34343828/r/il/a9dc22/7595865345/il_fullxfull.7595865345_ewev.jpg,https://i.etsystatic.com/34343828/r/il/34309f/7595865391/il_fullxfull.7595865391_il27.jpg,https://i.etsystatic.com/34343828/r/il/01fa7b/7547925628/il_fullxfull.7547925628_ikv2.jpg,https://i.etsystatic.com/34343828/r/il/4fdc66/7547925676/il_fullxfull.7547925676_b3s9.jpg,https://i.etsystatic.com/34343828/r/il/8cf6b2/7595865543/il_fullxfull.7595865543_itu8.jpg,Color,"Primary color","Black,Royal Blue","Custom Property",size,"S,M,L,XL,2XL,3XL","251229PODPQ1205#002,251229PODPQ1205#006,251229PODPQ1205#008,251229PODPQ1205#009,251229PODPQ1205#012,251229PODPQ1205#001,251229PODPQ1205#003,251229PODPQ1205#004,251229PODPQ1205#005,251229PODPQ1205#007,251229PODPQ1205#010,251229PODPQ1205#011"
"Contrast Striped Lapel Collar Sweatshirt | Oversized Vintage Streetwear Pullover | Unisex Athletic Crewneck | Minimal Everyday Top","This Contrast Striped Lapel Collar Sweatshirt blends vintage athletic styling with modern streetwear ease. Designed with contrast stripe detailing along the sleeves and a structured lapel-style collar, this piece delivers a clean yet elevated silhouette that stands out without trying too hard.
Crafted for everyday wear, the relaxed oversized fit makes it perfect for layering or wearing solo. The soft, durable fabric keeps it comfortable while maintaining shape, making it an easy go-to for casual outfits, street fits, or off-duty looks.
Minimal. Sport-inspired. Timeless.

Gender: Unisex
Model: Loose
Fabric: 100% cotton
Fabric Weight: 11.2 oz/yd² (380 g/m²)
Fabric Thickness: Moderate
Care Instructions: Machine wash at 30°C (gentle cycle); Do not bleach; Tumble dry low;  Iron at low temperature, avoid ironing on print; Do not dry clean
Features: Basics, Sporty, Casual, Preppy, Street, Vintage, Daily Casual, Home, Outdoor, School, Sport, Office, Long Sleeve, Raglan Sleeve, Lapel Collar, Regular, Loose, Spring, Autumn, Winter
Print Size: 40*52 cm",69.99,USD,998,"Quarter_zip,performative_sweater,matcha_sweater,school_sweatshirt,vintage_hoodie,retro,oversized,baggy_pullover,athletic_streetwear,lapel_collar,collar_sweatshirt,crew_neck,fashion",,https://i.etsystatic.com/34343828/r/il/44343a/7567906866/il_fullxfull.7567906866_1b0r.jpg,https://i.etsystatic.com/34343828/r/il/63cde9/7567906910/il_fullxfull.7567906910_mb0v.jpg,https://i.etsystatic.com/34343828/r/il/41e23e/7615851979/il_fullxfull.7615851979_mamt.jpg,https://i.etsystatic.com/34343828/r/il/8d5981/7567907038/il_fullxfull.7567907038_sfb1.jpg,https://i.etsystatic.com/34343828/r/il/762efb/7615852185/il_fullxfull.7615852185_5k7k.jpg,https://i.etsystatic.com/34343828/r/il/9b5f91/7567907164/il_fullxfull.7567907164_4ybx.jpg,https://i.etsystatic.com/34343828/r/il/bf4373/7567907230/il_fullxfull.7567907230_ij47.jpg,https://i.etsystatic.com/34343828/r/il/7e797f/7567907320/il_fullxfull.7567907320_mjgr.jpg,https://i.etsystatic.com/34343828/r/il/93aa0a/7615852533/il_fullxfull.7615852533_30kg.jpg,https://i.etsystatic.com/34343828/r/il/5bdbe7/7567907518/il_fullxfull.7567907518_53zo.jpg,Color,"Primary color",Black,"Custom Property",size,"S,M,L,XL","260105PODRA1161#002,260105PODRA1161#003,260105PODRA1161#004,260105PODRA1161#001"
"Oversized Shahada Keffiyeh Tee – Arabic Calligraphy Islamic Streetwear, Snow Wash Cotton","A powerful fusion of heritage, faith, and modern street style.
This premium snow-washed oversized tee features a detailed back graphic honoring Islamic identity and heritage. Centered around the Shahada (La ilaha illa Allah), the design weaves together the iconic Keffiyeh pattern and the silhouette of the Dome of the Rock, held in a symbolic gesture of resilience and faith.

Gender: Unisex
Model: Loose
Fabric: 100% cotton
Fabric Weight: 7.4 oz/yd² (250 g/m²)
Fabric Thickness: Moderate
Fabric Strench: Slight Stretch
Care Instructions: Machine wash at 30°C (gentle cycle); Do not bleach; Tumble dry low;  Iron at low temperature, avoid ironing on print; Do not dry clean
Features: Casual, Street, Daily Casual, Outdoor, School, Pure Cotton, Snow Wash, Washed, Short Sleeve, Drop Shoulder, Round Neck / O-Neck, Regular, Loose, Summer
Print Size: 40*52 cm",49.99,USD,999,"Arabic_shirt,persian_shirt,Palestine_shirt,human_rights_tee,protest_t-shirt,middle_eastern_art,islamic_gift,arabic_calligraphy,muslim_streetwear,islamic_art,islamic_calligraphy,minimalist_arab_tee,al_aqsa",Cotton,https://i.etsystatic.com/34343828/r/il/f359ac/7873308982/il_fullxfull.7873308982_2paw.jpg,https://i.etsystatic.com/34343828/r/il/dbac76/7921266885/il_fullxfull.7921266885_o4xl.jpg,https://i.etsystatic.com/34343828/r/il/f28ff3/7873266318/il_fullxfull.7873266318_olfr.jpg,https://i.etsystatic.com/34343828/r/il/8dca51/7873266350/il_fullxfull.7873266350_pin2.jpg,https://i.etsystatic.com/34343828/r/il/fbfb74/7873266376/il_fullxfull.7873266376_nef8.jpg,https://i.etsystatic.com/34343828/r/il/0a4bf2/7921224399/il_fullxfull.7921224399_qca7.jpg,https://i.etsystatic.com/34343828/r/il/0681fa/7873266484/il_fullxfull.7873266484_siyr.jpg,https://i.etsystatic.com/34343828/r/il/50d8d4/7873266572/il_fullxfull.7873266572_h7f7.jpg,https://i.etsystatic.com/34343828/r/il/860867/7873266678/il_fullxfull.7873266678_q684.jpg,https://i.etsystatic.com/34343828/r/il/2cd189/7873266744/il_fullxfull.7873266744_9e6l.jpg,Color,"Primary color",Black,"Custom Property",size,"S,M,L,XL,2XL,3XL","260403PODPQ4189#004,260403PODPQ4189#005,260403PODPQ4189#001,260403PODPQ4189#002,260403PODPQ4189#003,260403PODPQ4189#006"
"Hand-Drawn Keffiyeh Pattern Tee – Arabic Calligraphy Heritage Shirt, Islamic Streetwear","Wear your message where it matters most—across your heart. This striking unisex hoodie features a hyper-detailed anatomical heart wrapped in the iconic Palestinian keffiyeh pattern, symbolizing strength, identity, and resistance. Bold Arabic calligraphy in deep red wraps across the chest, weaving passion and culture into a standout piece of wearable art.

Crafted from a soft and durable cotton-blend fleece, this midweight hoodie is perfect for everyday wear, activism, or street-style expression. The dark heather fabric provides the perfect contrast to the grayscale graphic and red typography.

Free Palestine ;)

Gender: Unisex
Model: Regular
Fabric: 42% cotton, 53% polyester, 5% other fibers
Fabric Weight: 10.3 oz/yd² (350 g/m²)
Fabric Thickness: Thick
Fabric Stretch: Slight Stretch
Care Instructions: Machine wash at 30°C (gentle cycle); Do not bleach; Tumble dry low;  Iron at low temperature, avoid ironing on print; Do not dry clean
Features: Basics, Casual, Street, Daily Casual, Outdoor, Cotton Blend, Drawstring, Long Sleeve, Rib Cuffs, Hooded, Long, Loose, Winter",69.99,USD,998,"vintage,arabic,hoodie,cool,arab,Palestine,Free_Palestine,Sweatshirt,soft,Keffiyeh,Islamic,Calligraphy,Streetwear",Cotton,https://i.etsystatic.com/34343828/r/il/1db165/7530687189/il_fullxfull.7530687189_r1pj.jpg,https://i.etsystatic.com/34343828/r/il/74b56d/7482762108/il_fullxfull.7482762108_bw0r.jpg,https://i.etsystatic.com/34343828/r/il/2d7432/7317947562/il_fullxfull.7317947562_7vvm.jpg,https://i.etsystatic.com/34343828/r/il/c70370/7365904165/il_fullxfull.7365904165_n8xj.jpg,https://i.etsystatic.com/34343828/r/il/ee1c26/7365904181/il_fullxfull.7365904181_5r34.jpg,https://i.etsystatic.com/34343828/r/il/1bdc89/7317947634/il_fullxfull.7317947634_8cxc.jpg,https://i.etsystatic.com/34343828/r/il/0e5dec/7365904225/il_fullxfull.7365904225_h1y4.jpg,https://i.etsystatic.com/34343828/r/il/92bac1/7317947682/il_fullxfull.7317947682_rx3c.jpg,https://i.etsystatic.com/34343828/r/il/b7b4fc/7318398696/il_fullxfull.7318398696_no9s.jpg,https://i.etsystatic.com/34343828/r/il/5d40d2/7365904259/il_fullxfull.7365904259_nnhv.jpg,Color,"Primary color","Black,Dark Brown,Dark Gray","Custom Property",size,"S,M,L,XL,2XL","251024PODRB0919#001,251024PODRB0919#003,251024PODRB0919#006,251024PODRB0919#008,251024PODRB0919#009,251024PODRB0919#010,251024PODRB0919#012,251024PODRB0919#013,251024PODRB0919#014,251024PODRB0919#015,251024PODRB0919#002,251024PODRB0919#004,251024PODRB0919#005,251024PODRB0919#007,251024PODRB0919#011"
"Vintage Distressed Fleece Hoodie, Arabic Calligraphy Streetwear, Islamic Heavyweight Hoodie for Men Women, Washed Muslim Sweatshirt","This black hoodie features a stunning circular design built entirely from the 4 Quls — the four powerful short Surahs from the Qur’an (Al-Kafirun, Al-Ikhlas, Al-Falaq, An-Nas). The text spirals inward like a target, layered in rich orange and blue hues—symbolizing strength, spiritual shield, and divine protection.

Gender: Unisex
Model: Loose
Fabric: 42% cotton, 53% polyester, 5% other fibers
Fabric Weight: 10.6 oz/yd² (360 g/m²)
Fabric Thickness: Thick
Fabric Stretch: Slight Stretch
Care Instructions: Machine wash at 30°C (gentle cycle); Do not bleach; Tumble dry low;  Iron at low temperature; avoid ironing on print. Do not dry clean
Features: Casual, Street, Daily Casual, Pure Cotton, Washed, Frayed, Long Sleeve, Hooded, Regular, Loose, Autumn, Winter",77.99,USD,999,"Islamic,Arabic_Calligraphy,Free_Palestine,Islamic_Hoodie,Arabic_Hoodie,Palestine_Hoodie,Islamic_Sweatshirt,Islamic_Streetwear,Muslim,Arab,Vintage_Arabic,Vintage_Sweatshirt",Fleece,https://i.etsystatic.com/34343828/r/il/455020/7482750296/il_fullxfull.7482750296_eapj.jpg,https://i.etsystatic.com/34343828/r/il/c7280b/7530676277/il_fullxfull.7530676277_k2lu.jpg,https://i.etsystatic.com/34343828/r/il/c12b0b/7339076092/il_fullxfull.7339076092_py50.jpg,https://i.etsystatic.com/34343828/r/il/0143b8/7055580388/il_fullxfull.7055580388_cz3c.jpg,https://i.etsystatic.com/34343828/r/il/54bb7b/7103541615/il_fullxfull.7103541615_bicz.jpg,https://i.etsystatic.com/34343828/r/il/08173c/7055580416/il_fullxfull.7055580416_b7z1.jpg,https://i.etsystatic.com/34343828/r/il/72facc/7055580444/il_fullxfull.7055580444_3y7c.jpg,https://i.etsystatic.com/34343828/r/il/d8f7f9/7055580490/il_fullxfull.7055580490_dup2.jpg,https://i.etsystatic.com/34343828/r/il/c59a3f/7055580528/il_fullxfull.7055580528_fpsl.jpg,https://i.etsystatic.com/34343828/r/il/419521/7103541781/il_fullxfull.7103541781_hm58.jpg,Color,"Primary color",Black,"Custom Property",Size,"S,M,L,XL,2XL","250727PODRB0705#001,250727PODRB0705#003,250727PODRB0705#002,250727PODRB0705#004,250727PODRB0705#005"
"Distressed Palestine Streetwear Hoodie, Keffiyeh Resistance Design, Hand Frayed  Sweatshirt, Pro-Palestine Unisex Streetwear","Make a statement that can’t be ignored. This bold hoodie features a striking keffiyeh graphic and powerful message in both Arabic and English. Built for comfort and impact, it’s more than just a hoodie, it’s a symbol.

Gender: Unisex
Model: Loose
Fabric: 42% cotton, 53% polyester, 5% other fibers
Fabric Weight: 10.6 oz/yd² (360 g/m²)
Fabric Thickness: Thicken
Fabric Stretch: Slight Stretch
Care Instructions: Machine wash at 30°C (gentle cycle); Do not bleach; Tumble dry low;  Iron at low temperature, avoid ironing on print; Do not dry clean
Features: Casual, Street, Daily Casual, Pure Cotton, Washed, Frayed, Long Sleeve, Hooded, Regular, Loose, Autumn, Winter",77.99,USD,992,"Free_Palestine,Resistance,hoodie,Arabic_calligraphy,Arab,sweatshirt,vintage_palestine,vintage_arabic,filisteen,Palestinian_hoodie,streetwear,keffiyeh,Protest_hoodie",Cotton,https://i.etsystatic.com/34343828/r/il/b24094/7671775863/il_fullxfull.7671775863_jenb.jpg,https://i.etsystatic.com/34343828/r/il/428724/7671775899/il_fullxfull.7671775899_2jfn.jpg,https://i.etsystatic.com/34343828/r/il/d56643/7671775919/il_fullxfull.7671775919_73to.jpg,https://i.etsystatic.com/34343828/r/il/7a45a1/7671775977/il_fullxfull.7671775977_pjdk.jpg,https://i.etsystatic.com/34343828/r/il/3a71ed/7671776001/il_fullxfull.7671776001_lthj.jpg,https://i.etsystatic.com/34343828/r/il/2a2ae7/7671776041/il_fullxfull.7671776041_nsv2.jpg,https://i.etsystatic.com/34343828/r/il/cb4093/7623829490/il_fullxfull.7623829490_lrvr.jpg,https://i.etsystatic.com/34343828/r/il/24f5ce/7671776143/il_fullxfull.7671776143_lbye.jpg,https://i.etsystatic.com/34343828/r/il/6085ff/7671776209/il_fullxfull.7671776209_3pvc.jpg,,Color,"Primary color",Black,"Custom Property",size,"S,M,L,XL,2XL","260121PODRB2024#001,260121PODRB2024#003,260121PODRB2024#002,260121PODRB2024#004,260121PODRB2024#005"
"Islamic Calligraphy Fleece Hoodie, Quran 4 Quls Hoodie, Arabic Streetwear Sweatshirt, Vintage Washed Muslim Hoodie for Men Women","This black hoodie features a stunning circular design built entirely from the 4 Quls — the four powerful short Surahs from the Qur’an (Al-Kafirun, Al-Ikhlas, Al-Falaq, An-Nas). The text spirals inward like a target, layered in rich orange and blue hues—symbolizing strength, spiritual shield, and divine protection.

Gender: Unisex
Model: Regular
Fabric: 42% cotton, 53% polyester, 5% other fibers
Fabric Weight: 10.3 oz/yd² (350 g/m²)
Fabric Thickness: Thick
Fabric Stretch: Slight Stretch
Care Instructions: Machine wash at 30°C (gentle cycle); Do not bleach; Tumble dry low;  Iron at low temperature; avoid ironing on print. Do not dry clean
Features: Basics, Casual, Street, Daily Casual, Outdoor, Cotton Blend, Drawstring, Long Sleeve, Rib Cuffs, Hooded, Long, Loose, Winter",69.99,USD,999,"Arabic_Calligraphy,Islamic_Hoodie,Islamic_Sweatshirt,Muslim,Palestine,Arabic_Hoodie,Quran_Hoodie,Vintage_Arabic,Islamic_Streetwear,Arab_Hoodie,Free_Palestine,Islamic_Calligraphy",Fleece,https://i.etsystatic.com/34343828/r/il/14a13b/7482751620/il_fullxfull.7482751620_cd20.jpg,https://i.etsystatic.com/34343828/r/il/53208f/7332029042/il_fullxfull.7332029042_cllw.jpg,https://i.etsystatic.com/34343828/r/il/b396e4/7101738681/il_fullxfull.7101738681_jt9s.jpg,https://i.etsystatic.com/34343828/r/il/70a5c9/7053777860/il_fullxfull.7053777860_q4xn.jpg,https://i.etsystatic.com/34343828/r/il/9a7d0c/7101738733/il_fullxfull.7101738733_85qx.jpg,https://i.etsystatic.com/34343828/r/il/3cd6b5/7053777896/il_fullxfull.7053777896_uo6z.jpg,https://i.etsystatic.com/34343828/r/il/c10151/7339076726/il_fullxfull.7339076726_1dos.jpg,https://i.etsystatic.com/34343828/r/il/c57cb3/7101738803/il_fullxfull.7101738803_btue.jpg,https://i.etsystatic.com/34343828/r/il/c38c6e/7053777970/il_fullxfull.7053777970_e71t.jpg,https://i.etsystatic.com/34343828/r/il/5ec982/7101738843/il_fullxfull.7101738843_hluw.jpg,Color,"Primary color","Black,Dark Gray,Dark Brown","Custom Property",Size,"S,M,L,XL,2XL","250726PODRB1759#001,250726PODRB1759#003,250726PODRB1759#004,250726PODRB1759#005,250726PODRB1759#006,250726PODRB1759#007,250726PODRB1759#008,250726PODRB1759#014,250726PODRB1759#015,250726PODRB1759#002,250726PODRB1759#009,250726PODRB1759#010,250726PODRB1759#011,250726PODRB1759#012,250726PODRB1759#013"
"Arabic Calligraphy Salawat Oversized T-Shirt, Snow Wash Acid Wash Islamic Streetwear Tee","This oversized snow-wash t-shirt features a stunning vertical Arabic calligraphy design of the Salawat (اللهم صل على محمد وآل محمد) on the back, with a subtle ""610"" (referencing the year of the first revelation) on the front chest. The heavy acid-wash finish gives each piece a unique, vintage character that feels broken-in from day one.

Why You’ll Love It:
Premium Quality: Thick, durable cotton that holds its shape.
Versatile Style: Pairs perfectly with cargo pants, denim, or joggers.
Meaningful Fashion: A subtle yet powerful way to carry your values.

Gender: Unisex
Model: Loose
Fabric: 100% cotton
Fabric Weight: 7.4 oz/yd² (250 g/m²)
Fabric Thickness: Moderate
Fabric Strench: Slight Stretch
Care Instructions: Machine wash at 30°C (gentle cycle); Do not bleach; Tumble dry low;  Iron at low temperature, avoid ironing on print; Do not dry clean
Features: Casual, Street, Daily Casual, Outdoor, School, Pure Cotton, Snow Wash, Washed, Short Sleeve, Drop Shoulder, Round Neck / O-Neck, Regular, Loose, Summer
Print Size:40*52cm",49.99,USD,999,"Salawat_Shirt,Arabic_Streetwear,Oversized_Graphic_T,Islamic_Gift_for_Men,Snow_Wash_T-Shirt,Muslim_Urban_Wear,Arabic_Calligraphy,Acid_Wash_Apparel,Minimalist_Islam_Tee,Eid_Gift_Idea,Modest_Fashion,Spiritual_Clothing,Vintage_Look_Tee",Cotton,https://i.etsystatic.com/34343828/r/il/16ad98/7851716688/il_fullxfull.7851716688_ra4t.jpg,https://i.etsystatic.com/34343828/r/il/5cddae/7899680379/il_fullxfull.7899680379_2b68.jpg,https://i.etsystatic.com/34343828/r/il/aab70b/7851655698/il_fullxfull.7851655698_539z.jpg,https://i.etsystatic.com/34343828/r/il/733364/7899619173/il_fullxfull.7899619173_dcds.jpg,https://i.etsystatic.com/34343828/r/il/196fda/7851655728/il_fullxfull.7851655728_jcbp.jpg,https://i.etsystatic.com/34343828/r/il/27648d/7851655770/il_fullxfull.7851655770_dkkm.jpg,https://i.etsystatic.com/34343828/r/il/d95ea0/7899619271/il_fullxfull.7899619271_fqy5.jpg,https://i.etsystatic.com/34343828/r/il/f8dd88/7851655866/il_fullxfull.7851655866_cb5w.jpg,https://i.etsystatic.com/34343828/r/il/ae16ce/7851655924/il_fullxfull.7851655924_faou.jpg,,Color,"Primary color",Black,"Custom Property",size,"S,M,L,XL,2XL,3XL","260328PODPQ3764#001,260328PODPQ3764#003,260328PODPQ3764#004,260328PODPQ3764#006,260328PODPQ3764#002,260328PODPQ3764#005"
"Arabic Calligraphy Streetwear Tee Ameen Shirt, Oversized Snow Washed Vintage Graphic T-Shirt","This Snow Wash Raw-Hem Boxy T-Shirt is a premium unisex streetwear tee featuring bold Arabic calligraphy reading “Ameen"". The graphic showcases semi-realistic expressive hands framing the calligraphy for a powerful, artistic aesthetic.
Designed with a relaxed oversized boxy fit, this T-shirt delivers modern minimalist streetwear energy with a vintage-inspired raw-hem finish. The snow-washed fabric treatment gives each shirt a unique, slightly distressed look, perfect for effortless everyday styling.
A cultural statement. A comfort piece. An intentional graphic tee.

Gender: Unisex
Model: Loose
Fabric: 100% cotton
Fabric Weight: 7.4 oz/yd² (250 g/m²)
Fabric Thickness: Moderate
Fabric Strench: Slight Stretch
Care Instructions: Machine wash at 30°C (gentle cycle); Do not bleach; Tumble dry low;  Iron at low temperature, avoid ironing on print; Do not dry clean
Features: Casual, Street, Daily Casual, Outdoor, School, Pure Cotton, Snow Wash, Washed, Short Sleeve, Drop Shoulder, Round Neck / O-Neck, Regular, Loose, Summer
Print Size: 40*52 cm",49.99,USD,999,"Arabic_Calligraphy,Ameen_Prayer_Shirt,Islamic_Streetwear,Snow_Wash_Tee,Oversized_Graphic,Vintage_Wash_Shirt,Muslim_Gift_Men,Arabic_Graphic_Tee,Minimalist_Dua,Acid_Wash_Streetwear,Urban_Modest_Wear,Heavyweight_Cotton,Eid_Gift_Idea",,https://i.etsystatic.com/34343828/r/il/5626e0/7841194076/il_fullxfull.7841194076_2k4g.jpg,https://i.etsystatic.com/34343828/r/il/a2932b/7841194208/il_fullxfull.7841194208_d6bi.jpg,https://i.etsystatic.com/34343828/r/il/0e70a8/7889138075/il_fullxfull.7889138075_gygl.jpg,https://i.etsystatic.com/34343828/r/il/b5908e/7889138115/il_fullxfull.7889138115_lmyn.jpg,https://i.etsystatic.com/34343828/r/il/5336cd/7889138165/il_fullxfull.7889138165_t2vh.jpg,https://i.etsystatic.com/34343828/r/il/99c44f/7889138255/il_fullxfull.7889138255_7zxw.jpg,https://i.etsystatic.com/34343828/r/il/221031/7841189044/il_fullxfull.7841189044_fefe.jpg,https://i.etsystatic.com/34343828/r/il/d96610/7841189114/il_fullxfull.7841189114_4th3.jpg,https://i.etsystatic.com/34343828/r/il/615ac9/7841189158/il_fullxfull.7841189158_c4n4.jpg,https://i.etsystatic.com/34343828/r/il/0c089f/7889138623/il_fullxfull.7889138623_dlv7.jpg,Color,"Primary color",Black,"Custom Property",size,"S,M,L,XL,2XL,3XL","260325PODPQ4188#001,260325PODPQ4188#002,260325PODPQ4188#003,260325PODPQ4188#004,260325PODPQ4188#005,260325PODPQ4188#006"
"Distressed Arabic Calligraphy Hoodie, Vintage Washed Fleece Sweatshirt, Islamic Oath Streetwear, Muslim Hoodie for Men Women","A powerful oath woven into every thread. This hoodie features a striking Arabic declaration on the back:
""I, as a Muslim, will stand for justice, stand for the weak, stand for the oppressed, stand for my religion.""
And across the front chest:
""This I swear as a Muslim until the day I die.""
Designed on a distressed black hoodie with subtle paint splatter, this piece is a bold expression of Islamic values, identity, and unwavering purpose.

Gender: Unisex
Model: Loose
Fabric: 42% cotton, 53% polyester, 5% other fibers
Fabric Weight: 10.6 oz/yd² (360 g/m²)
Fabric Thickness: Thicken
Fabric Stretch: Slight Stretch
Care Instructions: Machine wash at 30°C (gentle cycle); Do not bleach; Tumble dry low;  Iron at low temperature; avoid ironing on print. Do not dry clean
Features: Casual, Street, Daily Casual, Pure Cotton, Washed, Frayed, Long Sleeve, Hooded, Regular, Loose, Autumn, Winter",77.99,USD,995,"Islamic_Hoodie,Arabic_Hoodie,Arabic_Calligraphy,Vintage_Hoodie,Arabic_Vintage,Washed_Hoodie,Arabic_Frayed_hoodie,Islamic_Sweatshirt,Arabic_Sweatshirt,Allah_Hoodie,Cool_Arabic_hoodie,Arab_Hoodie,Islamic_Streetwear",Fleece,https://i.etsystatic.com/34343828/r/il/ed2e9b/7530678397/il_fullxfull.7530678397_pxeg.jpg,https://i.etsystatic.com/34343828/r/il/c4cdd7/7482755684/il_fullxfull.7482755684_5yw6.jpg,https://i.etsystatic.com/34343828/r/il/90c5ed/7071367526/il_fullxfull.7071367526_7lj9.jpg,https://i.etsystatic.com/34343828/r/il/07da19/7119310909/il_fullxfull.7119310909_atu1.jpg,https://i.etsystatic.com/34343828/r/il/8543d9/7387011843/il_fullxfull.7387011843_838n.jpg,https://i.etsystatic.com/34343828/r/il/7c1084/7119310929/il_fullxfull.7119310929_iqo4.jpg,https://i.etsystatic.com/34343828/r/il/b2964e/7071367620/il_fullxfull.7071367620_3wbg.jpg,https://i.etsystatic.com/34343828/r/il/c0d9ea/7119311015/il_fullxfull.7119311015_ickm.jpg,https://i.etsystatic.com/34343828/r/il/b5312e/7071367702/il_fullxfull.7071367702_5qk6.jpg,https://i.etsystatic.com/34343828/r/il/f0c794/7071367744/il_fullxfull.7071367744_t41v.jpg,Color,"Primary color",Black,"Custom Property",size,"S,M,L,XL,2XL","250801PODRB2176#001,250801PODRB2176#005,250801PODRB2176#002,250801PODRB2176#003,250801PODRB2176#004"
"Black Arabic Compression T-Shirt, Islamic Gym Performance Shirt, Muslim Workout Tee for Men, Athletic Training Top with Calligraphy","This compression-fit tee blends performance and style with a unique Arabic-inspired wing design across the chest. Made from a stretchy, breathable fabric, it’s built for movement — whether you're training, lifting, or just making a statement. The slim fit hugs the body while offering flexibility and comfort, and the graphic adds a sharp, cultural edge to your look.",34.99,USD,995,"Compression,Fitted,Arabic,Workout,Sportswear,T-Shirt,Tight,Calligraphy,Gym,Sports,Running,Eagle,Cool",,https://i.etsystatic.com/34343828/r/il/e9a630/7482748586/il_fullxfull.7482748586_4hye.jpg,https://i.etsystatic.com/34343828/r/il/4e0c75/7482749022/il_fullxfull.7482749022_7ghl.jpg,https://i.etsystatic.com/34343828/r/il/ba0af0/7066441075/il_fullxfull.7066441075_kt57.jpg,https://i.etsystatic.com/34343828/r/il/a5a4b2/7066441099/il_fullxfull.7066441099_39z2.jpg,https://i.etsystatic.com/34343828/r/il/667923/7018462008/il_fullxfull.7018462008_t333.jpg,,,,,,Color,"Primary color",Black,"Custom Property",Size,"S,M,L,XL,2XL","250714PODRZ1372#003,250714PODRZ1372#004,250714PODRZ1372#001,250714PODRZ1372#002,250714PODRZ1372#005"
"Heavyweight Wide Leg Panel Sweatpants Loose Fit - Comfort","Experience the effortless comfort of these baggy sweatpants, designed for those who appreciate a loose fit and casual style. Crafted from 100% pure cotton, these wide sweatpants blend vintage charm with modern streetwear vibes, perfect for everyday wear. Whether you're lounging at home or stepping out, their oversized jogger silhouette ensures you stay cool and comfy all day long.

- ✅ thick cotton fabric for durability and breathability
- ✅ Loose fit with mid-waist drawstring for adjustable comfort
- ✅ Suitable for spring, autumn, and winter seasons
- ✅ Machine washable at 30°C on gentle cycle; tumble dry low; iron on low heat avoiding prints

Each pair is handcrafted, making every item unique with natural variations that celebrate artisanal quality.

- Processing time includes careful handcrafting to ensure quality
- Ships promptly with secure packaging to maintain product integrity
- Custom orders not available; please refer to sizing chart before purchase

Our shop is dedicated to delivering timeless basics that combine comfort and style effortlessly. We take pride in offering handcrafted pieces that elevate your daily wardrobe with authenticity and care.",69.99,USD,999,"cotton_loose_fit,handcrafted_comfort,loose_fit_joggers,wide_leg_sweatpants,spring_autumn_wear,classic_vintage,soft_fabric_joggers,loose_fit,flared,chipanzee,y2k_sweatpants,baggy_sweatpants,faded",Cotton,https://i.etsystatic.com/34343828/r/il/6d29d2/7835984863/il_fullxfull.7835984863_kchf.jpg,https://i.etsystatic.com/34343828/r/il/b6e48c/7835984883/il_fullxfull.7835984883_czuw.jpg,https://i.etsystatic.com/34343828/r/il/a5a3f9/7788054578/il_fullxfull.7788054578_27qg.jpg,https://i.etsystatic.com/34343828/r/il/e547dc/7835984947/il_fullxfull.7835984947_m7ok.jpg,https://i.etsystatic.com/34343828/r/il/cfc61d/7835984993/il_fullxfull.7835984993_ejlp.jpg,https://i.etsystatic.com/34343828/r/il/26f1fa/7788054652/il_fullxfull.7788054652_4zer.jpg,https://i.etsystatic.com/34343828/r/il/ed254f/7835985049/il_fullxfull.7835985049_rpv7.jpg,https://i.etsystatic.com/34343828/r/il/e6e423/7835985079/il_fullxfull.7835985079_l5vj.jpg,https://i.etsystatic.com/34343828/r/il/7f7d90/7788054736/il_fullxfull.7788054736_jkju.jpg,https://i.etsystatic.com/34343828/r/il/bddc43/7788054776/il_fullxfull.7788054776_h4kb.jpg,Color,"Primary color","Black,White,Colorful Blue,Wine Red,Navy Blue","Custom Property",size,"S,M,L,XL,2XL","260310PODPX2224#002,260310PODPX2224#004,260310PODPX2224#005,260310PODPX2224#008,260310PODPX2224#012,260310PODPX2224#014,260310PODPX2224#015,260310PODPX2224#024,260310PODPX2224#001,260310PODPX2224#003,260310PODPX2224#006,260310PODPX2224#007,260310PODPX2224#009,260310PODPX2224#010,260310PODPX2224#011,260310PODPX2224#013,260310PODPX2224#016,260310PODPX2224#017,260310PODPX2224#018,260310PODPX2224#019,260310PODPX2224#020,260310PODPX2224#021,260310PODPX2224#022,260310PODPX2224#023,260310PODPX2224#025"
"Vintage Distressed Arabic Calligraphy Hoodie, Washed Fleece Islamic Streetwear, Muslim Heavyweight Hoodie for Men Women, Arabic Sweatshirt","Turn heads with this bold, oversized black hoodie featuring a vertical Arabic and Japanese calligraphy design with abstract splatter accents and teal blocks. The fluid lines and cosmic vibe blend culture, art, and streetwear into one expressive piece.

Gender: Unisex
Model: Loose
Fabric: 42% cotton, 53% polyester, 5% other fibers
Fabric Weight: 10.6 oz/yd² (360 g/m²)
Fabric Thickness: Thicken
Fabric Stretch: Slight Stretch
Care Instructions: Machine wash at 30°C (gentle cycle); Do not bleach; Tumble dry low;  Iron at low temperature; avoid ironing on print. Do not dry clean
Features: Casual, Street, Daily Casual, Pure Cotton, Washed, Frayed, Long Sleeve, Hooded, Regular, Loose, Autumn, Winter",77.99,USD,998,"Islamic,Calligraphy,Arabic,Arab,Streetwear,Vintage,Retro,Japanese,Islam,Hoodie,Sweatshirt,Sweater,Cool","Fleece,Cotton",https://i.etsystatic.com/34343828/r/il/bda0fb/7482756326/il_fullxfull.7482756326_lvl3.jpg,https://i.etsystatic.com/34343828/r/il/831787/7085047959/il_fullxfull.7085047959_hr5w.jpg,https://i.etsystatic.com/34343828/r/il/164016/7085047863/il_fullxfull.7085047863_no9x.jpg,https://i.etsystatic.com/34343828/r/il/5ec452/7037080192/il_fullxfull.7037080192_2rtf.jpg,https://i.etsystatic.com/34343828/r/il/3fe7ab/7085048003/il_fullxfull.7085048003_gmux.jpg,https://i.etsystatic.com/34343828/r/il/1b4717/7085048055/il_fullxfull.7085048055_n9uo.jpg,https://i.etsystatic.com/34343828/r/il/44c408/7037080430/il_fullxfull.7037080430_gb9g.jpg,https://i.etsystatic.com/34343828/r/il/d03473/7085048123/il_fullxfull.7085048123_48d1.jpg,https://i.etsystatic.com/34343828/r/il/0a8011/7037080496/il_fullxfull.7037080496_q35b.jpg,,Color,"Primary color",Black,"Custom Property",Size,"S,M,L,XL,2XL","250721PODRB0858#002,250721PODRB0858#001,250721PODRB0858#003,250721PODRB0858#004,250721PODRB0858#005"
"Vintage Arabic Raw-Hem Calligraphy Tee — Distressed Washed Black Islamic Graphic T-Shirt — Spiritual Streetwear","A bold fusion of streetwear and heritage, this vintage washed tee features a dripping hand graphic filled with intricate Arabic calligraphy inspired by ancient manuscripts. The design symbolizes the lasting impact of words, faith, and identity, turning a simple graphic into a powerful statement piece. Finished on a distressed black shirt with a relaxed unisex fit and worn-in feel, it’s made for those who appreciate meaningful art, culture, and modern streetwear style.

Gender: Unisex
Model: Loose
Fabric: 100% cotton
Fabric Weight: 10.0 oz/yd² (340 g/m²)
Fabric Thickness: Thick
Care Instructions: Machine wash at 30°C (gentle cycle); Do not bleach; Tumble dry low;  Iron at low temperature, avoid ironing on print; Do not dry clean
Features: Basics, Casual, Sporty, Street, Vintage, Daily Casual, Outdoor, Running, Sport, Office, Pure Cotton, Washed, Frayed, Short Sleeve, Drop Shoulder, Round Neck / O-Neck, Regular, Oversized, Spring, Summer, Autumn
Print Size: 40*52 cm",49.99,USD,999,"Arabic_style,Arab_calligraphy,Vintage_arabic,Oversized_shirt,Faded_tee,Vintage_Palestine,Peace,Humanity_T-shirt,Justice,Free_Palestine,Keffiyeh_filisteen,Islamic_muslim,Tatreez",,https://i.etsystatic.com/34343828/r/il/89677b/7819744051/il_fullxfull.7819744051_l4y5.jpg,https://i.etsystatic.com/34343828/r/il/931d3f/7819740139/il_fullxfull.7819740139_eql1.jpg,https://i.etsystatic.com/34343828/r/il/5dec66/7819740165/il_fullxfull.7819740165_17e2.jpg,https://i.etsystatic.com/34343828/r/il/63d618/7771804566/il_fullxfull.7771804566_iz5r.jpg,https://i.etsystatic.com/34343828/r/il/b59e50/7771804606/il_fullxfull.7771804606_ajzy.jpg,https://i.etsystatic.com/34343828/r/il/6ffd18/7819740263/il_fullxfull.7819740263_cvse.jpg,https://i.etsystatic.com/34343828/r/il/fd9b22/7771804674/il_fullxfull.7771804674_6g1i.jpg,https://i.etsystatic.com/34343828/r/il/b03b63/7771804712/il_fullxfull.7771804712_2d7o.jpg,https://i.etsystatic.com/34343828/r/il/f83af3/7819740389/il_fullxfull.7819740389_mefh.jpg,https://i.etsystatic.com/34343828/r/il/a2ed50/7819740445/il_fullxfull.7819740445_dqgl.jpg,Color,"Primary color","Washed Black","Custom Property",size,"S,M,L,XL","260305PODPQ3868#001,260305PODPQ3868#002,260305PODPQ3868#003,260305PODPQ3868#004"
"Heavyweight Arabic Calligraphy Boxy Tee – Raw Hem Vintage Streetwear, Cotton","This boxy tee features a bold circular design of layered Arabic Islamic calligraphy forming verses from the Quran. The 4 Kuls. The textured orange and blue rings speak to depth, identity, and precision—this piece hits hard visually and symbolically.

Gender: Unisex
Model: Loose
Fabric: 100% cotton
Fabric Weight: 7.7 oz/yd² (260 g/m²)
Fabric Thickness: Moderate
Care Instructions: Machine wash at 30°C (gentle cycle); Do not bleach; Tumble dry low;  Iron at low temperature; avoid ironing on print. Do not dry clean
Features: Basics, Casual, Street, Daily Casual, Outdoor, Pure Cotton, Washed, Short Sleeve, Drop Shoulder, Round Neck/O-Neck, Regular, Loose, Summer, Autumn
Print Size: 40*52 cm",49.99,USD,995,"Islamic,Islamic_Shirt,Quran,Free_Palestine,Islamic_Hoodie,Boxy,Oversized_Shirt,Quran_Shirt,Allah_shirt,Muslim_hoodie,Arabic_Calligraphy,Arabic_shirt,Vintage_Arabic",Cotton,https://i.etsystatic.com/34343828/r/il/ce49da/7530683037/il_fullxfull.7530683037_ozl7.jpg,https://i.etsystatic.com/34343828/r/il/c24a3e/7053718804/il_fullxfull.7053718804_atw7.jpg,https://i.etsystatic.com/34343828/r/il/601d3f/7053718866/il_fullxfull.7053718866_gvr9.jpg,https://i.etsystatic.com/34343828/r/il/4ca4df/7053718914/il_fullxfull.7053718914_a8me.jpg,https://i.etsystatic.com/34343828/r/il/e552b3/7053719058/il_fullxfull.7053719058_i8he.jpg,https://i.etsystatic.com/34343828/r/il/48e77a/7053719132/il_fullxfull.7053719132_vqka.jpg,https://i.etsystatic.com/34343828/r/il/d62ee6/7387017249/il_fullxfull.7387017249_da83.jpg,https://i.etsystatic.com/34343828/r/il/8f1387/7053719220/il_fullxfull.7053719220_c3wx.jpg,https://i.etsystatic.com/34343828/r/il/04b1ff/7101680771/il_fullxfull.7101680771_1fcm.jpg,https://i.etsystatic.com/34343828/r/il/208051/7053719346/il_fullxfull.7053719346_e8kk.jpg,Color,"Primary color","Ume Purple,Black","Custom Property",Size,"S,M,L,XL,2XL","250726PODPQ1738#003,250726PODPQ1738#004,250726PODPQ1738#005,250726PODPQ1738#006,250726PODPQ1738#007,250726PODPQ1738#008,250726PODPQ1738#001,250726PODPQ1738#002,250726PODPQ1738#009,250726PODPQ1738#010"
"Islamic Shirt - Pure Cotton Snow Washed Arabic Calligraphy Oversized T-Shirt","Bring a touch of vintage charm to your everyday wardrobe. Featuring a striking, hand-illustrated red rose in full bloom, paired with a delicate spray of leaves and a graceful decorative flourish, this design adds an artful, romantic edge to a relaxed staple. The premium snow-washed finish gives each shirt a beautifully lived-in, one-of-a-kind look that only gets better with age.

Cut in a modern oversized, drop-shoulder silhouette with a classic round neck, it’s crafted from 100% pure, heavyweight cotton. It offers a breathable, ultra-comfortable feel that’s perfect for street style, daily wear, and warm summer days. Effortlessly versatile, this is an easy piece you'll reach for again and again.

Product Specifications:

Gender: Unisex
Fit: Oversized / Loose / Drop Shoulder
Style: Casual, Streetwear, Daily Wear
Season: Summer / All-Year Layering

Fabric & Care:

Material: 100% Pure Cotton
Weight: Heavyweight — 7.4 oz/yd² (250 g/m²)
Thickness: Moderate
Stretch: Slight Stretch
Print Size: 40 x 52 cm
Care Instructions: Machine wash at 30°C on a gentle cycle. Tumble dry low. Iron at a low temperature (do not iron directly on the print). Do not bleach. Do not dry clean.",49.99,USD,999,"arabic_shirt,islamic_clothing,arabic_tunic,arabic_text_shirt,arabic_calligraphy,muslim_streetwear,arabic_streetwear,islamic_streetwear,islamic_shirt,acid_wash_shirt,hijabi_outfit,oversized_tee,muslim_tunic",Cotton,https://i.etsystatic.com/34343828/r/il/41ceed/8187397230/il_fullxfull.8187397230_dr89.jpg,https://i.etsystatic.com/34343828/r/il/06385d/8235283483/il_fullxfull.8235283483_cwot.jpg,https://i.etsystatic.com/34343828/r/il/42d8b5/8235283499/il_fullxfull.8235283499_qna2.jpg,https://i.etsystatic.com/34343828/r/il/3b0564/8235283515/il_fullxfull.8235283515_1u82.jpg,https://i.etsystatic.com/34343828/r/il/2d1c6c/8187355148/il_fullxfull.8187355148_rie2.jpg,https://i.etsystatic.com/34343828/r/il/f66b8f/8235283555/il_fullxfull.8235283555_1q7k.jpg,https://i.etsystatic.com/34343828/r/il/febb1c/8235283579/il_fullxfull.8235283579_hk8r.jpg,,,,"Custom Property",Color,"Khaki Ash,Apricot,Light Pink,Light Purple","Custom Property",Size,"S,M,L,XL,2XL,3XL","260628PODPQ4794#010,260628PODPQ4794#008,260628PODPQ4794#007,260628PODPQ4794#021,260628PODPQ4794#020,260628PODPQ4794#001,260628PODPQ4794#016,260628PODPQ4794#011,260628PODPQ4794#009,260628PODPQ4794#023,260628PODPQ4794#022,260628PODPQ4794#019,260628PODPQ4794#006,260628PODPQ4794#005,260628PODPQ4794#004,260628PODPQ4794#003,260628PODPQ4794#002,260628PODPQ4794#017,260628PODPQ4794#015,260628PODPQ4794#014,260628PODPQ4794#013"
"Arabic Shirt - Snow Washed Arabic Calligraphy Oversized Cotton T-Shirt","Wear a piece of timeless wisdom with this striking graphic t-shirt. Blending poetic language with stunning visual art, this tee features the classic Arabic proverb, ""الطيور على أشكالها تقع"" (Birds of a feather flock together), beautifully illustrating the power of connection and community.

Whether you are a lover of typography, Arabic culture, or simply appreciate meaningful art, this shirt is a perfect conversation starter.

Product Specifications:

Gender: Unisex

Fabric: 100% cotton

Fabric Weight: 7.4 oz/yd² (250 g/m²)

Fabric Thickness: Moderate

Fabric Stretch: Slight Stretch

Care Instructions: Machine wash at 30°C (gentle cycle); Do not bleach; Tumble dry low; Iron at low temperature, avoid ironing on print; Do not dry clean

Features: Casual, Street, Daily Casual, Outdoor, School, Pure Cotton, Snow Wash, Washed, Short Sleeve, Drop Shoulder, Round Neck / O-Neck, Regular, Loose, Summer

Print Size: 40x52 cm",49.99,USD,999,"arabic_shirt,islamic_shirt,islamic_clothing,arabic_tunic,arabic_text_shirt,hijabi_outfit,muslim_streetwear,muslim_wife_gift,islamic_graphic_tee,arabic_streetwear,acid_wash_shirt,modest_activewear",Cotton,https://i.etsystatic.com/34343828/r/il/95c9b8/8168802512/il_fullxfull.8168802512_k5mf.jpg,https://i.etsystatic.com/34343828/r/il/f9cda6/8168732710/il_fullxfull.8168732710_mk6b.jpg,https://i.etsystatic.com/34343828/r/il/766372/8168732756/il_fullxfull.8168732756_40z3.jpg,https://i.etsystatic.com/34343828/r/il/c91fbd/8168732784/il_fullxfull.8168732784_jn0x.jpg,https://i.etsystatic.com/34343828/r/il/40a609/8216664305/il_fullxfull.8216664305_tcl3.jpg,https://i.etsystatic.com/34343828/r/il/d8602f/8216664347/il_fullxfull.8216664347_fsv3.jpg,https://i.etsystatic.com/34343828/r/il/1bbcdb/8168732912/il_fullxfull.8168732912_kb9i.jpg,,,,"Custom Property",Color,"Red,Gray Green,Khaki Ash,Light Purple","Custom Property",Size,"S,M,L,XL,2XL","260623PODPQ5459#005,260623PODPQ5459#004,260623PODPQ5459#011,260623PODPQ5459#010,260623PODPQ5459#015,260623PODPQ5459#014,260623PODPQ5459#003,260623PODPQ5459#002,260623PODPQ5459#001,260623PODPQ5459#009,260623PODPQ5459#008,260623PODPQ5459#007,260623PODPQ5459#017,260623PODPQ5459#016,260623PODPQ5459#013,260623PODPQ5459#023,260623PODPQ5459#022,260623PODPQ5459#021,260623PODPQ5459#020,260623PODPQ5459#019"
"Vintage Allah Arabic Calligraphy Tee — Distressed Washed Black Islamic Graphic T-Shirt — Spiritual Streetwear","Inspired by timeless Islamic artistry, this vintage washed tee features a bold circular mandala design paired with elegant Arabic calligraphy spelling “Allah.” The contrast between the intricate pattern and flowing script creates a powerful yet minimal statement piece that blends spirituality with modern streetwear aesthetics.

Each shirt is crafted with a soft, heavyweight feel and a washed finish for that perfectly worn-in look, making it comfortable enough for everyday wear while still standing out as a meaningful design. The distressed hem adds a subtle edge that complements the vintage style.

Whether you’re dressing it up with layers or wearing it casually, this piece is designed to feel both personal and timeless — a reminder of faith expressed through art.

Gender: Unisex
Model: Loose
Fabric: 100% cotton
Fabric Weight: 10.0 oz/yd² (340 g/m²)
Fabric Thickness: Thick
Care Instructions: Machine wash at 30°C (gentle cycle); Do not bleach; Tumble dry low;  Iron at low temperature, avoid ironing on print; Do not dry clean
Features: Basics, Casual, Sporty, Street, Vintage, Daily Casual, Outdoor, Running, Sport, Office, Pure Cotton, Washed, Frayed, Short Sleeve, Drop Shoulder, Round Neck / O-Neck, Regular, Oversized, Spring, Summer, Autumn
Print Size: 40*52 cm",49.99,USD,999,"Islamic,Arabic,calligraphy,Muslim_vintage,free_palestine,filisteen,drop_shoulder_tee,oversized_Arab_shirt,Palestine_t_shirt,shirt_with_arab,vintage_palestine,keffiyeh_streetwear,islamic_clothing",,https://i.etsystatic.com/34343828/r/il/03e907/7781562179/il_fullxfull.7781562179_oscu.jpg,https://i.etsystatic.com/34343828/r/il/312760/7781559075/il_fullxfull.7781559075_fpbv.jpg,https://i.etsystatic.com/34343828/r/il/a686fc/7733610236/il_fullxfull.7733610236_epqf.jpg,https://i.etsystatic.com/34343828/r/il/b99f2c/7781559117/il_fullxfull.7781559117_rlyt.jpg,https://i.etsystatic.com/34343828/r/il/d0af95/7781559143/il_fullxfull.7781559143_co65.jpg,https://i.etsystatic.com/34343828/r/il/8c0655/7733610314/il_fullxfull.7733610314_9y7j.jpg,https://i.etsystatic.com/34343828/r/il/161afa/7733610336/il_fullxfull.7733610336_hutf.jpg,https://i.etsystatic.com/34343828/r/il/806db8/7781559187/il_fullxfull.7781559187_k1oz.jpg,https://i.etsystatic.com/34343828/r/il/a3686d/7733610386/il_fullxfull.7733610386_5pof.jpg,https://i.etsystatic.com/34343828/r/il/c4cb98/7781559245/il_fullxfull.7781559245_fni2.jpg,Color,"Primary color","Washed Black,Washed Cement Gray","Custom Property",size,"S,M,L,XL","260222PODPQ2717#004,260222PODPQ2717#005,260222PODPQ2717#006,260222PODPQ2717#001,260222PODPQ2717#002,260222PODPQ2717#003,260222PODPQ2717#007,260222PODPQ2717#008"
"Shahadah Arabic Calligraphy Vintage Boxy T-Shirt — Heavyweight Snow Wash Raw Hem Tee — Islamic Streetwear","A premium heavyweight boxy t-shirt featuring elegant Arabic calligraphy of La ilaha illa Allah (There is no god but Allah), a powerful declaration of faith representing the oneness of God.

Designed with a vintage snow wash finish and raw hem for a modern streetwear aesthetic while maintaining a respectful and minimal presentation.

Crafted from thick, high-quality cotton for a structured yet comfortable fit, perfect for everyday wear or layering.

Gender: Unisex
Model: Loose
Fabric: 100% cotton
Fabric Weight: 10.0 oz/yd² (340 g/m²)
Fabric Thickness: Thick
Care Instructions: Machine wash at 30°C (gentle cycle); Do not bleach; Tumble dry low;  Iron at low temperature, avoid ironing on print; Do not dry clean
Features: Basics, Casual, Sporty, Street, Vintage, Daily Casual, Outdoor, Running, Sport, Office, Pure Cotton, Washed, Frayed, Short Sleeve, Drop Shoulder, Round Neck / O-Neck, Regular, Oversized, Spring, Summer, Autumn
Print Size: 40*52 cm",49.99,USD,999,"Islamic,Arabic,arabic_calligraphy,muslim_vintage,free_palestine,filisteen,drop_shoulder_tee,Oversized_arab_shirt,Palestine_t_shirt,shirt_with_arab,vintage_palestine,keffiyeh_streetwear,Islamic_clothes",,https://i.etsystatic.com/34343828/r/il/1fcc70/7778577191/il_fullxfull.7778577191_9tky.jpg,https://i.etsystatic.com/34343828/r/il/168aba/7778570127/il_fullxfull.7778570127_6la8.jpg,https://i.etsystatic.com/34343828/r/il/4c475a/7778570027/il_fullxfull.7778570027_5hwa.jpg,https://i.etsystatic.com/34343828/r/il/374f29/7778570039/il_fullxfull.7778570039_q0x5.jpg,https://i.etsystatic.com/34343828/r/il/4927e9/7730625100/il_fullxfull.7730625100_ha3g.jpg,https://i.etsystatic.com/34343828/r/il/7fbec0/7778570085/il_fullxfull.7778570085_k2lw.jpg,https://i.etsystatic.com/34343828/r/il/1d32cc/7730625202/il_fullxfull.7730625202_q2dn.jpg,https://i.etsystatic.com/34343828/r/il/d3f4b0/7778570157/il_fullxfull.7778570157_8muy.jpg,https://i.etsystatic.com/34343828/r/il/431a37/7730625248/il_fullxfull.7730625248_lhu8.jpg,https://i.etsystatic.com/34343828/r/il/e5dddd/7778570203/il_fullxfull.7778570203_83h5.jpg,Color,"Primary color","Washed Black,Washed Cement Gray","Custom Property",size,"S,M,L,XL","260221PODPQ3007#001,260221PODPQ3007#002,260221PODPQ3007#003,260221PODPQ3007#004,260221PODPQ3007#005,260221PODPQ3007#006,260221PODPQ3007#007,260221PODPQ3007#008"
"Baggy Sweatpants: Pure Cotton, Loose Fit - Handcrafted Comfort","Experience the effortless comfort of these baggy sweatpants, designed for those who appreciate a loose fit and casual style. Crafted from 100% pure cotton, these wide sweatpants blend vintage charm with modern streetwear vibes, perfect for everyday wear. Whether you're lounging at home or stepping out, their oversized jogger silhouette ensures you stay cool and comfy all day long.

- ✅ 100% thick cotton fabric for durability and breathability
- ✅ Loose fit with mid-waist drawstring for adjustable comfort
- ✅ Suitable for spring, autumn, and winter seasons
- ✅ Machine washable at 30°C on gentle cycle; tumble dry low; iron on low heat avoiding prints

Each pair is handcrafted, making every item unique with natural variations that celebrate artisanal quality.

- Processing time includes careful handcrafting to ensure quality
- Ships promptly with secure packaging to maintain product integrity
- Custom orders not available; please refer to sizing chart before purchase

Our shop is dedicated to delivering timeless basics that combine comfort and style effortlessly. We take pride in offering handcrafted pieces that elevate your daily wardrobe with authenticity and care.",69.99,USD,972,"Cotton_Loose_Fit,Handcrafted_Comfort,Loose_Fit_Joggers,Wide_Leg_Sweatpants,Spring_Autumn_Wear,Timeless_Basics_Wear,Classic_Vintage_Look,Soft_Fabric_Joggers,Loose_fit,Wide,chipanzee,loose_fit_sweatpants,y2k_sweatpants",Cotton,https://i.etsystatic.com/34343828/r/il/18a10c/7025947072/il_fullxfull.7025947072_iyrp.jpg,https://i.etsystatic.com/34343828/r/il/cfb6f1/7073924601/il_fullxfull.7073924601_iwtl.jpg,https://i.etsystatic.com/34343828/r/il/903ba7/7025947344/il_fullxfull.7025947344_1ba5.jpg,https://i.etsystatic.com/34343828/r/il/638774/7025947136/il_fullxfull.7025947136_hxvq.jpg,https://i.etsystatic.com/34343828/r/il/3e44bd/7025947200/il_fullxfull.7025947200_pods.jpg,https://i.etsystatic.com/34343828/r/il/56d337/7025947514/il_fullxfull.7025947514_e3um.jpg,https://i.etsystatic.com/34343828/r/il/1fc5f3/7073924787/il_fullxfull.7073924787_q8tr.jpg,https://i.etsystatic.com/34343828/r/il/cec6b4/7073924859/il_fullxfull.7073924859_cq4g.jpg,https://i.etsystatic.com/34343828/r/il/3e3580/7187211070/il_fullxfull.7187211070_1yue.jpg,,Color,"Primary color","Black,Gray Blue","Custom Property",Size,"S,M,L,XL,2XL","250717PODPX0347#002,250717PODPX0347#003,250717PODPX0347#004,250717PODPX0347#006,250717PODPX0347#007,250717PODPX0347#008,250717PODPX0347#009,250717PODPX0347#001,250717PODPX0347#005,250717PODPX0347#010"
"White Arabic Calligraphy Compression Shirt – Muslim Gym Workout Top, Islamic Fitness Tee","This compression-fit tee blends performance and style with a unique Arabic-inspired wing design across the chest. Made from a stretchy, breathable fabric, it’s built for movement — whether you're training, lifting, or just making a statement. The slim fit hugs the body while offering flexibility and comfort, and the graphic adds a sharp, cultural edge to your look.",34.99,USD,998,"Workout,Calligraphy,Casual,Summer,Breathable,modest_gym_wear,muslim_athletic_wear,muslim_sportswear,sport_hijab,muslim_activewear,modest_gym_clothes",,https://i.etsystatic.com/34343828/r/il/d2e4a9/7530684469/il_fullxfull.7530684469_rw29.jpg,https://i.etsystatic.com/34343828/r/il/1fd63c/7530684701/il_fullxfull.7530684701_e3cx.jpg,https://i.etsystatic.com/34343828/r/il/06864e/7066558579/il_fullxfull.7066558579_q1y1.jpg,https://i.etsystatic.com/34343828/r/il/9c7013/7066558605/il_fullxfull.7066558605_flsr.jpg,https://i.etsystatic.com/34343828/r/il/50910a/7066558667/il_fullxfull.7066558667_7d7r.jpg,https://i.etsystatic.com/34343828/r/il/afea82/7018579912/il_fullxfull.7018579912_4mxj.jpg,,,,,Color,"Primary color",White,"Custom Property",Size,"S,M,L,XL,2XL","250714PODRZ1409#001,250714PODRZ1409#005,250714PODRZ1409#002,250714PODRZ1409#003,250714PODRZ1409#004"
"Resistance Snow Washed Oversized Boxy T-Shirt – Free Palestine Graphic Raw-faded Tee, Arabic Streetwear, Unisex Shirt","Make a statement without saying a word. This snow-washed oversized T-shirt features a bold resistance-inspired graphic with Arabic text, blending streetwear culture, identity, and meaning into one powerful piece.

Designed for comfort and presence, this tee has a vintage washed finish, relaxed oversized fit, and heavyweight cotton feel — perfect for everyday wear or making a statement wherever you go.

Gender: Unisex
Model: Loose
Fabric: 100% cotton
Fabric Weight: 10.0 oz/yd² (340 g/m²)
Fabric Thickness: Thick
Care Instructions: Machine wash at 30°C (gentle cycle); Do not bleach; Tumble dry low;  Iron at low temperature, avoid ironing on print; Do not dry clean
Features: Basics, Casual, Sporty, Street, Vintage, Daily Casual, Outdoor, Running, Sport, Office, Pure Cotton, Washed, Frayed, Short Sleeve, Drop Shoulder, Round Neck / O-Neck, Regular, Oversized, Spring, Summer, Autumn
Print Size: 40*",49.99,USD,998,"Islamic_shirt,Arabic_calligraphy,Free_Palestine,Palestine_shirt,vintage_palestine,oversized_frayed_tee,Keffiyeh_shirt,shirt_with_arab,islamic_streetwear,Palestine_streetwear,cropped_fit,oversized_boxy_fit,Protest_shirt",,https://i.etsystatic.com/34343828/r/il/693547/7671763677/il_fullxfull.7671763677_cyxh.jpg,https://i.etsystatic.com/34343828/r/il/61d74d/7623817258/il_fullxfull.7623817258_dtmj.jpg,https://i.etsystatic.com/34343828/r/il/8fbc87/7623795994/il_fullxfull.7623795994_k7o7.jpg,https://i.etsystatic.com/34343828/r/il/7b93c5/7671742351/il_fullxfull.7671742351_adxw.jpg,https://i.etsystatic.com/34343828/r/il/fb5932/7671742375/il_fullxfull.7671742375_aj3p.jpg,https://i.etsystatic.com/34343828/r/il/5d5546/7623796102/il_fullxfull.7623796102_5tml.jpg,https://i.etsystatic.com/34343828/r/il/137b8e/7671742499/il_fullxfull.7671742499_db7r.jpg,https://i.etsystatic.com/34343828/r/il/5d01a8/7623796228/il_fullxfull.7623796228_5fyq.jpg,https://i.etsystatic.com/34343828/r/il/b4ecb8/7623796284/il_fullxfull.7623796284_ks1t.jpg,https://i.etsystatic.com/34343828/r/il/908efd/7623796352/il_fullxfull.7623796352_8abi.jpg,Color,"Primary color","Washed Black","Custom Property",size,"S,M,L,XL","260121PODPQ1934#001,260121PODPQ1934#002,260121PODPQ1934#003,260121PODPQ1934#004"
"Baggy Sweatpants - 100% Cotton Acid Wash Heavyweight Joggers","These acid-washed heavyweight sweatpants are built for comfort, structure, and everyday streetwear style. Designed with a relaxed oversized fit and soft heavyweight cotton, they deliver a premium feel with a naturally faded, worn-in look.

Perfect for lounging, layering, or completing a full streetwear fit, these pants balance comfort and style effortlessly.

Gender: Unisex
Fabric: 100% cotton
Fabric Weight: 12.4 oz/yd² (420 g/m²)
Fabric Thickness: Thick
Care Instructions: Machine wash at 30°C (gentle cycle); Do not bleach; Tumble dry low;  Iron at low temperature, avoid ironing on print; Do not dry clean
Features: Basics, Casual, Sporty, Street, Vintage, Daily Casual, Outdoor, Running, Sport, Pure Cotton, Washed, Snow Wash, Drawstring, Long, Loose, Mid Waist, Spring, Autumn, Winter
Print Size: 40*52 cm",69.39,USD,996,"wide_leg_sweatpants,baggy_sweatpants,baggy_sweats,baggy_gym_pants,vintage_sweatpants,baggy_joggers,hip_hop_dance_pants,martial_arts_pants,baggy_dance_pants,fleece_lined_joggers,flowy_yoga_pants,terry_cloth_joggers,islamic_pants",Cotton,https://i.etsystatic.com/34343828/r/il/d0a00f/8113674371/il_fullxfull.8113674371_i0c0.jpg,https://i.etsystatic.com/34343828/r/il/211f71/8065756892/il_fullxfull.8065756892_1dvp.jpg,https://i.etsystatic.com/34343828/r/il/fd776d/8065756924/il_fullxfull.8065756924_orii.jpg,https://i.etsystatic.com/34343828/r/il/5a536f/8113674509/il_fullxfull.8113674509_6vq4.jpg,https://i.etsystatic.com/34343828/r/il/d42918/8113674589/il_fullxfull.8113674589_qvib.jpg,https://i.etsystatic.com/34343828/r/il/5c9a72/8113674659/il_fullxfull.8113674659_rx1j.jpg,https://i.etsystatic.com/34343828/r/il/8208c7/8065757210/il_fullxfull.8065757210_8pcx.jpg,https://i.etsystatic.com/34343828/r/il/58c91e/8065757276/il_fullxfull.8065757276_ado2.jpg,https://i.etsystatic.com/34343828/r/il/a7e640/8065757316/il_fullxfull.8065757316_2hea.jpg,https://i.etsystatic.com/34343828/r/il/fc30a3/8065757378/il_fullxfull.8065757378_46q7.jpg,"Custom Property",color,"Dark Gray,Dark Blue,Brown,Light Gray,Black","Custom Property",size,"S,M,L,XL,2XL","260527PODPX4780#024,260527PODPX4780#018,260527PODPX4780#015,260527PODPX4780#014,260527PODPX4780#013,260527PODPX4780#009,260527PODPX4780#008,260527PODPX4780#004,260527PODPX4780#003,260527PODPX4780#002,260527PODPX4780#001,260527PODPX4780#025,260527PODPX4780#023,260527PODPX4780#022,260527PODPX4780#021,260527PODPX4780#020,260527PODPX4780#019,260527PODPX4780#017,260527PODPX4780#016,260527PODPX4780#012,260527PODPX4780#011,260527PODPX4780#010,260527PODPX4780#007,260527PODPX4780#006,260527PODPX4780#005"
"Arabic Shirt - Cotton Heavyweight Boxy Arabic Calligraphy Bismillah T Shirt Muslim Streetwear","This washed tee features an elegant gold “بسم الله” (Bismillah) calligraphy design intertwined with a detailed red rose and green leaves. Symbolizing beauty, grace, and the beginning of all things in the name of God, this piece blends deep meaning with a soft aesthetic for spiritual streetwear done right.

Gender: Unisex
Model: Loose
Fabric: 100% cotton
Fabric Weight: 7.7 oz/yd² (260 g/m²)
Fabric Thickness: Moderate
Care Instructions: Machine wash at 30°C (gentle cycle); Do not bleach; Tumble dry low;  Iron at low temperature; avoid ironing on print. Do not dry clean
Features: Basics, Casual, Street, Daily Casual, Outdoor, Pure Cotton, Washed, Short Sleeve, Drop Shoulder, Round Neck/O-Neck, Regular, Loose, Summer, Autumn
Print Size: 40*52 cm",49.99,USD,997,"Arabic_shirt,palestine_shirt,palestine_t_shirt,islamic_clothing,arabic_tunic,arabic_text_shirt,hijabi_outfit,eid_al_adha_gift,muslim_wife_gift,muslim_streetwear,islamic_graphic_tee,boxy_tee",Cotton,https://i.etsystatic.com/34343828/r/il/c923b8/7530657233/il_fullxfull.7530657233_dn7s.jpg,https://i.etsystatic.com/34343828/r/il/a065f3/7387014087/il_fullxfull.7387014087_6ty0.jpg,https://i.etsystatic.com/34343828/r/il/f36234/7053716618/il_fullxfull.7053716618_jr24.jpg,https://i.etsystatic.com/34343828/r/il/844ba1/7101678077/il_fullxfull.7101678077_b138.jpg,https://i.etsystatic.com/34343828/r/il/302851/7053716654/il_fullxfull.7053716654_jgfy.jpg,https://i.etsystatic.com/34343828/r/il/5fafc2/7101678115/il_fullxfull.7101678115_j3ud.jpg,https://i.etsystatic.com/34343828/r/il/18e6dd/7101678163/il_fullxfull.7101678163_f2fb.jpg,https://i.etsystatic.com/34343828/r/il/4d60d3/7053716732/il_fullxfull.7053716732_1xh3.jpg,https://i.etsystatic.com/34343828/r/il/6bf3f5/7053716762/il_fullxfull.7053716762_3xs8.jpg,,Color,"Primary color","Black,Gray Green,Haze Gray,Ume Purple","Custom Property",Size,"S,M,L,XL,2XL","250726PODPQ1737#002,250726PODPQ1737#003,250726PODPQ1737#007,250726PODPQ1737#009,250726PODPQ1737#010,250726PODPQ1737#011,250726PODPQ1737#012,250726PODPQ1737#015,250726PODPQ1737#016,250726PODPQ1737#018,250726PODPQ1737#001,250726PODPQ1737#004,250726PODPQ1737#005,250726PODPQ1737#006,250726PODPQ1737#008,250726PODPQ1737#013,250726PODPQ1737#014,250726PODPQ1737#017,250726PODPQ1737#019,250726PODPQ1737#020"
"Islamic Calligraphy Rose Hoodie – Salam Bismillah Arabic Streetwear, Fleece Sweatshirt","This washed tee features an elegant gold “بسم الله” (Bismillah) calligraphy design intertwined with a detailed red rose and green leaves. Symbolizing beauty, grace, and the beginning of all things in the name of God, this piece blends deep meaning with a soft aesthetic for spiritual streetwear done right.
Gender: Unisex
Model: Loose
Fabric: 85%% cotton, 15% polyester
Fabric Weight: 11.22 oz/yd² (380 g/m²)
Fabric Thickness: Moderate
Care Instructions: Machine wash at 30°C (gentle cycle); Do not bleach; Tumble dry low;  Iron at low temperature, avoid ironing on print; Do not dry clean
Features: Basics,, Casual, Preppy, Sporty, Street, Daily Casual, Outdoor, School, Sport, Office, Cotton Blend, Long Sleeve, Drop Shoulder, Hooded, Regular, Oversized, Winter
Print Size: 40*52 cmm",69.99,USD,998,"Islamic_hoodie,Free_Palestine,Salam_hoodie,Arabic_hoodie,arab_streetwear,Oversized_vintage,Palestine_hoodie,Bismillah_sweater,Muslim_sweatshirt,vintage_arabic,Arabic_calligraphy,arabic_art,drop_shoulder",cotton,https://i.etsystatic.com/34343828/r/il/69364f/7649614886/il_fullxfull.7649614886_e0l0.jpg,https://i.etsystatic.com/34343828/r/il/78506a/7697561441/il_fullxfull.7697561441_qfp2.jpg,https://i.etsystatic.com/34343828/r/il/ffa6c0/7697554447/il_fullxfull.7697554447_jug5.jpg,https://i.etsystatic.com/34343828/r/il/f57da5/7649607714/il_fullxfull.7649607714_o7dc.jpg,https://i.etsystatic.com/34343828/r/il/bdc11a/7649607734/il_fullxfull.7649607734_1jjy.jpg,https://i.etsystatic.com/34343828/r/il/7391ac/7649607766/il_fullxfull.7649607766_jnw6.jpg,https://i.etsystatic.com/34343828/r/il/8fc2d4/7649607804/il_fullxfull.7649607804_16nw.jpg,https://i.etsystatic.com/34343828/r/il/233c2e/7649607850/il_fullxfull.7649607850_70mi.jpg,https://i.etsystatic.com/34343828/r/il/dded38/7697554635/il_fullxfull.7697554635_hb0n.jpg,https://i.etsystatic.com/34343828/r/il/d7f5d9/7649607910/il_fullxfull.7649607910_c8k6.jpg,Color,"Primary color",Black,"Custom Property",size,"S,M,L,XL,2XL,3XL","260128PODRB4363#001,260128PODRB4363#002,260128PODRB4363#003,260128PODRB4363#004,260128PODRB4363#005,260128PODRB4363#006"
"Oversized Palestine T-Shirt, Thawra Arabic Calligraphy Tee, Keffiyeh Resistance Graphic, Vintage Islamic Streetwear Shirt","This shirt blends raw emotion and vintage texture with a bold design featuring a blood-red rose, Gothic calligraphy, and subtle distressed splatters. Spelling ""Thawra"" which is revolution in Arabic. With a frayed finish, stone-washed black base, and heart-like detailing, this piece speaks to heartbreak, rebellion, and soul. Free Palestine ;)

Gender: Unisex
Model: Loose
Fabric: 100% cotton
Fabric Weight: 7.4 oz/yd² (250 g/m²)
Fabric Thickness: Moderate
Fabric Stretch: Slight Stretch
Care Instructions: Machine wash at 30°C (gentle cycle); Do not bleach; Tumble dry low;  Iron at low temperature; avoid ironing on print. Do not dry clean
Features: Casual, Street, Daily Casual, Outdoor, School, Pure Cotton, Snow Wash, Washed, Short Sleeve, Drop Shoulder, Round Neck/O-Neck, Regular, Loose, Summer
Print Size: 40*52 cm",49.99,USD,995,"Islamic,Free_Palestine,Palestine,Arabic_Shirt,Palestine_Shirt,Islamic_Shirt,Oversized,Baggy,T-Shirt,Vintage_Shirt,Retro,Gothic_shirt,Muslim",Cotton,https://i.etsystatic.com/34343828/r/il/aec509/7612749989/il_fullxfull.7612749989_6omr.jpg,https://i.etsystatic.com/34343828/r/il/abf3bb/7564805596/il_fullxfull.7564805596_po1m.jpg,https://i.etsystatic.com/34343828/r/il/9575a7/7098811815/il_fullxfull.7098811815_tjxv.jpg,https://i.etsystatic.com/34343828/r/il/76cc9f/7098811853/il_fullxfull.7098811853_f3pd.jpg,https://i.etsystatic.com/34343828/r/il/eae687/7098811873/il_fullxfull.7098811873_i7r2.jpg,https://i.etsystatic.com/34343828/r/il/21878a/7050849578/il_fullxfull.7050849578_jgsr.jpg,https://i.etsystatic.com/34343828/r/il/59dd21/7098811967/il_fullxfull.7098811967_724p.jpg,https://i.etsystatic.com/34343828/r/il/db9ab7/7098812017/il_fullxfull.7098812017_oisi.jpg,,,Color,"Primary color",Black,"Custom Property",Size,"S,M,L,XL,2XL","250725PODPQ1775#002,250725PODPQ1775#005,250725PODPQ1775#001,250725PODPQ1775#003,250725PODPQ1775#004"
"Stand With Sudan Hoodie – Arabic Calligraphy, Palestine Solidarity Heavyweight Streetwear","Stand for justice. Wear your voice.
This Free Sudan Heavyweight Hoodie features bold Arabic calligraphy artwork paired with a powerful Stand With Sudan message on the back. Designed for those who believe fashion can speak louder than words, this hoodie blends meaningful activism with premium streetwear quality.
Made with a thick, heavyweight fabric and a drop-shoulder oversized fit, this hoodie delivers warmth, comfort, and presence—perfect for everyday wear, protests, or simply making a statement.

Gender: Unisex
Model: Loose
Fabric: 42% cotton, 53% polyester, 5% other fibers
Fabric Weight: 10.3 oz/yd² (350 g/m²)
Fabric Thickness: Thick
Fabric Stretch: Slight Stretch
Care Instructions: Machine wash at 30°C (gentle cycle); Do not bleach; Tumble dry low;  Iron at low temperature, avoid ironing on print; Do not dry clean
Features: Casual, Street, Daily Casual, Cotton Blend, Long Sleeve, Drop Shoulder, Hooded, Regular, Loose, Autumn, Winter",69.99,USD,998,"sweatshirt,sudan_hoodie,free_sudan,arabic_streetwear,Arab,Islamic,Islam,Calligraphy,Free_paslestine,Palestine_hoodie,Keffiyeh,oversized,heavyweight",Cotton,https://i.etsystatic.com/34343828/r/il/20d6e7/7568214032/il_fullxfull.7568214032_f864.jpg,https://i.etsystatic.com/34343828/r/il/f276d5/7568213960/il_fullxfull.7568213960_acef.jpg,https://i.etsystatic.com/34343828/r/il/d1c8ce/7616156477/il_fullxfull.7616156477_b017.jpg,https://i.etsystatic.com/34343828/r/il/1e19ed/7568212408/il_fullxfull.7568212408_5fey.jpg,https://i.etsystatic.com/34343828/r/il/33a80a/7616156437/il_fullxfull.7616156437_8fkn.jpg,https://i.etsystatic.com/34343828/r/il/b27e8f/7568212366/il_fullxfull.7568212366_9jog.jpg,https://i.etsystatic.com/34343828/r/il/fa71e1/7616156517/il_fullxfull.7616156517_gv77.jpg,https://i.etsystatic.com/34343828/r/il/4a3462/7616156575/il_fullxfull.7616156575_du6g.jpg,https://i.etsystatic.com/34343828/r/il/25bbd7/7568212578/il_fullxfull.7568212578_1e5w.jpg,https://i.etsystatic.com/34343828/r/il/8af3ac/7568212646/il_fullxfull.7568212646_ru5q.jpg,Color,"Primary color","Black,Coffee","Custom Property",size,"S,M,L,XL,2XL","260105PODRB1761#001,260105PODRB1761#002,260105PODRB1761#003,260105PODRB1761#004,260105PODRB1761#009,260105PODRB1761#010,260105PODRB1761#005,260105PODRB1761#006,260105PODRB1761#007,260105PODRB1761#008"
"Arabic Sweatpants - 100% Cotton Calligraphy Snow Washed Heavyweight Joggers","These snow-washed heavyweight sweatpants are built for comfort, structure, and everyday streetwear style. Designed with a relaxed oversized fit and soft heavyweight cotton, they deliver a premium feel with a naturally faded, worn-in look.

Perfect for lounging, layering, or completing a full streetwear fit, these pants balance comfort and style effortlessly.

Gender: Unisex
Model: Regular
Fabric: 100% cotton
Fabric Weight: 12.4 oz/yd² (420 g/m²)
Fabric Thickness: Thick
Care Instructions: Machine wash at 30°C (gentle cycle); Do not bleach; Tumble dry low;  Iron at low temperature, avoid ironing on print; Do not dry clean
Features: Basics, Casual, Sporty, Street, Vintage, Daily Casual, Outdoor, Running, Sport, Pure Cotton, Washed, Snow Wash, Drawstring, Long, Loose, Mid Waist, Spring, Autumn, Winter
Print Size: 40*52 cm",69.99,USD,998,"islamic_pants,arabic_pants,wide_leg_sweatpants,muslim_gym_clothes,sport_hijab_outfit,modest_gym_clothes,muslim_sportswear,baggy_sweatpants,baggy_joggers,vintage_sweatpants,baggy_sweats,arabic_streetwear,muslim_streetwear",Cotton,https://i.etsystatic.com/34343828/r/il/384941/8086488235/il_fullxfull.8086488235_q9xw.jpg,https://i.etsystatic.com/34343828/r/il/ff57b4/8038575100/il_fullxfull.8038575100_5fhs.jpg,https://i.etsystatic.com/34343828/r/il/116169/8086488253/il_fullxfull.8086488253_3eq0.jpg,https://i.etsystatic.com/34343828/r/il/4a2776/8038575058/il_fullxfull.8038575058_mqhm.jpg,https://i.etsystatic.com/34343828/r/il/eb41b3/7938309108/il_fullxfull.7938309108_i71m.jpg,https://i.etsystatic.com/34343828/r/il/7a7c99/7938309142/il_fullxfull.7938309142_aukf.jpg,https://i.etsystatic.com/34343828/r/il/8c48f8/7986266479/il_fullxfull.7986266479_35fr.jpg,https://i.etsystatic.com/34343828/r/il/f1c39a/7938309406/il_fullxfull.7938309406_71qa.jpg,https://i.etsystatic.com/34343828/r/il/baa151/7986266605/il_fullxfull.7986266605_4tvv.jpg,https://i.etsystatic.com/34343828/r/il/2fcc03/7986266703/il_fullxfull.7986266703_rulz.jpg,Color,"Primary color","Black,Blue","Custom Property",size,"S,M,L,XL,2XL","260422PODPX3316#015,260422PODPX3316#013,260422PODPX3316#011,260422PODPX3316#005,260422PODPX3316#003,260422PODPX3316#014,260422PODPX3316#012,260422PODPX3316#004,260422PODPX3316#002,260422PODPX3316#001"
"Arabic Hoodie - Oversized Acid Wash Islamic Streetwear","This Arabic hoodie features “Wal-‘aadiyati dabḥā” from Surah Al-‘Adiyat, paired with a bold racing horse graphic on an oversized acid wash silhouette. Designed as Islamic streetwear with a thick 100% cotton feel, this piece represents strength, speed, intention, and unstoppable drive.

Gender: Unisex
Model: Loose
Fabric: 100% cotton
Fabric Weight: 11.8 oz/yd² (400 g/m²)
Fabric Thickness: Thick
Care Instructions: Machine wash at 30°C (gentle cycle); Do not bleach; Tumble dry low;  Iron at low temperature, avoid ironing on print; Do not dry clean
Features: Basics, Casual, Street, Daily Casual, Outdoor, School, Office, Pure Cotton, Frayed, Snow Wash, Pocket, Long Sleeve, Drop Shoulder, Hooded, Regular, Oversized, Spring, Autumn
Print Size: 40*52 cm",84.99,USD,997,"Arabic_hoodie,islamic_hoodie,arabic_calligraphy,modest_gym_wear,muslim_streetwear,Palestine_hoodie,Keffiyeh_hoodie,extra_thick_hoodie,acid_wash_hoodie,arabic_text_hoodie,graphic_hoodie,oversized_sweatshirt,grunge_hoodie",Cotton,https://i.etsystatic.com/34343828/r/il/1b0e1f/7382815243/il_fullxfull.7382815243_3voj.jpg,https://i.etsystatic.com/34343828/r/il/5c9512/8025105114/il_fullxfull.8025105114_rz4q.jpg,https://i.etsystatic.com/34343828/r/il/072ad2/8025104964/il_fullxfull.8025104964_syvk.jpg,https://i.etsystatic.com/34343828/r/il/f7e867/7382815259/il_fullxfull.7382815259_dz5b.jpg,https://i.etsystatic.com/34343828/r/il/2dff07/7382815283/il_fullxfull.7382815283_shn3.jpg,https://i.etsystatic.com/34343828/r/il/de530c/7334872840/il_fullxfull.7334872840_lypu.jpg,https://i.etsystatic.com/34343828/r/il/0ea64e/7382815343/il_fullxfull.7382815343_g7m2.jpg,https://i.etsystatic.com/34343828/r/il/18ebff/7334872912/il_fullxfull.7334872912_5qge.jpg,https://i.etsystatic.com/34343828/r/il/a299e4/7334872944/il_fullxfull.7334872944_mwej.jpg,,Color,"Primary color",Black,"Custom Property",size,"S,M,L,XL,2XL","251029PODRA1855#002,251029PODRA1855#003,251029PODRA1855#001,251029PODRA1855#004,251029PODRA1855#005"
"Arabic Paint Splatter Hoodie - Oversized Islamic Streetwear","This Keffiyeh hoodie blends raw emotion and vintage texture with a bold design featuring a blood-red rose, Gothic calligraphy, and subtle distressed splatters. Spelling ""Thawra"" which is Revolution in Arabic. With a frayed finish, stone-washed black base, and heart-like detailing, this piece speaks to heartbreak, rebellion, and soul.

Gender: Unisex
Model: Loose
Fabric: 42% cotton, 53% polyester, 5% other fibers
Fabric Weight: 10.6 oz/yd² (360 g/m²)
Fabric Thickness: Thick
Fabric Stretch: Slight Stretch
Care Instructions: Machine wash at 30°C (gentle cycle); Do not bleach; Tumble dry low;  Iron at low temperature; avoid ironing on print. Do not dry clean
Features: Casual, Street, Daily Casual, Pure Cotton, Washed, Frayed, Long Sleeve, Hooded, Regular, Loose, Autumn, Winter",77.99,USD,997,"Arabic_hoodie,Islamic_hoodie,Arabic_calligraphy,modest_gym_wear,muslim_streetwear,palestine_hoodie,keffiyeh_hoodie,extra_thick_hoodie,arabic_text_hoodie,oversized_sweatshirt,deconstructed_hoodie,muslim_mom_gift,palestinian_hoodie","Cotton,Fleece",https://i.etsystatic.com/34343828/r/il/5d4677/7482767434/il_fullxfull.7482767434_4xuf.jpg,https://i.etsystatic.com/34343828/r/il/4ee808/7482767568/il_fullxfull.7482767568_t8ji.jpg,https://i.etsystatic.com/34343828/r/il/08caf4/7098723805/il_fullxfull.7098723805_ccgv.jpg,https://i.etsystatic.com/34343828/r/il/ff4f78/7098723831/il_fullxfull.7098723831_b7nu.jpg,https://i.etsystatic.com/34343828/r/il/5067d0/7050761178/il_fullxfull.7050761178_nrdt.jpg,https://i.etsystatic.com/34343828/r/il/36a88c/7098723899/il_fullxfull.7098723899_d1xu.jpg,https://i.etsystatic.com/34343828/r/il/024f5a/7098723929/il_fullxfull.7098723929_l1og.jpg,https://i.etsystatic.com/34343828/r/il/fb8a81/7098723963/il_fullxfull.7098723963_2qi1.jpg,https://i.etsystatic.com/34343828/r/il/67d6df/7098724001/il_fullxfull.7098724001_hpej.jpg,https://i.etsystatic.com/34343828/r/il/a03953/7098724029/il_fullxfull.7098724029_gv3v.jpg,,,,,,,
"Palestine Shirt - Keffiyeh Rose Islamic Clothing","This bold graphic tee captures the spirit of ثورة (Thawra) — revolution — through powerful symbolism. A blooming rose wrapped in keffiyeh print, surrounded by scattered hearts, rests atop stylized Arabic calligraphy spelling “Thawra.” It's a tribute to resistance, beauty, and unbreakable will.

Gender: Unisex
Model: Loose
Fabric: 100% cotton
Fabric Weight: 7.7 oz/yd² (260 g/m²)
Fabric Thickness: Moderate
Care Instructions: Machine wash at 30°C (gentle cycle); Do not bleach; Tumble dry low;  Iron at low temperature; avoid ironing on print. Do not dry clean
Features: Basics, Casual, Street, Daily Casual, Outdoor, Pure Cotton, Washed, Short Sleeve, Drop Shoulder, Round Neck/O-Neck, Regular, Loose, Summer, Autumn
Print Size: 40*52 cm",49.99,USD,997,"Arabic_Calligraphy,Palestine_Shirt,Keffiyeh_shirt,muslim_streetwear,boxy_linen_top,Arabic_shirt,persian_shirt,arabic_tunic,arabic_text_shirt,hijabi_outfit,arabic_streetwear,modest_gym_wear,Palestine_t_shirt",Cotton,https://i.etsystatic.com/34343828/r/il/dbbe50/7482768628/il_fullxfull.7482768628_85th.jpg,https://i.etsystatic.com/34343828/r/il/b68b73/7106657895/il_fullxfull.7106657895_888g.jpg,https://i.etsystatic.com/34343828/r/il/17f37b/7106657913/il_fullxfull.7106657913_cbn8.jpg,https://i.etsystatic.com/34343828/r/il/2a242d/7058703738/il_fullxfull.7058703738_gqme.jpg,https://i.etsystatic.com/34343828/r/il/04cac0/7106657955/il_fullxfull.7106657955_87fg.jpg,https://i.etsystatic.com/34343828/r/il/aafb11/7058703766/il_fullxfull.7058703766_tkgf.jpg,https://i.etsystatic.com/34343828/r/il/1342fe/7106657979/il_fullxfull.7106657979_p21z.jpg,https://i.etsystatic.com/34343828/r/il/1e930f/7339077992/il_fullxfull.7339077992_1f31.jpg,https://i.etsystatic.com/34343828/r/il/e61938/7106657987/il_fullxfull.7106657987_1zur.jpg,https://i.etsystatic.com/34343828/r/il/9291ea/7058703824/il_fullxfull.7058703824_mxkj.jpg,Color,"Primary color","Black,Gray Green,Haze Gray","Custom Property",Size,"S,M,L,XL,2XL","250728PODPQ1625#001,250728PODPQ1625#004,250728PODPQ1625#006,250728PODPQ1625#010,250728PODPQ1625#011,250728PODPQ1625#014,250728PODPQ1625#002,250728PODPQ1625#003,250728PODPQ1625#005,250728PODPQ1625#007,250728PODPQ1625#008,250728PODPQ1625#009,250728PODPQ1625#012,250728PODPQ1625#013,250728PODPQ1625#015"
"Cotton Arabic Shirt Unisex Oversized T-Shirt - Islamic Fashion","A 100% cotton oversized-fit tee featuring an Arabic calligraphy design: ""La Hawla wa la Quwwata Illa Billah"" --- There is no power and no strength except with God. An elegant and faithful peace to be worn for streetwear and for comfort.  

Gender: Unisex
Model: Loose
Fabric: 100% cotton
Fabric Weight: 8.8 oz/yd² (300 g/m²)
Fabric Thickness: Moderate
Care Instructions: Machine wash at 30°C (gentle cycle); Do not bleach; Tumble dry low;  Iron at low temperature, avoid ironing on print; Do not dry clean
Features: Basics, Casual, Sporty, Daily Casual, Outdoor, Sport, Running, School, Office, Pure Cotton, Short Sleeve, Drop Shoulder, Round Neck / O-Neck, Regular, Oversized, Summer
Print Size: 40*52 cm",49.99,USD,999,"Arabic_shirt,Palestine_shirt,Palestine_t_shirt,islamic_clothing,persian_shirt,arabic_tunic,arabic_text_shirt,oversized_tee,hijabi_outfit,muslim_teacher_gift,eid_al_adha_gift,muslim_wife_gift,muslim_streetwear",Cotton,https://i.etsystatic.com/34343828/r/il/e59ede/8070227065/il_fullxfull.8070227065_23g6.jpg,https://i.etsystatic.com/34343828/r/il/fb0bc3/8022185776/il_fullxfull.8022185776_8kot.jpg,https://i.etsystatic.com/34343828/r/il/335cba/8070102039/il_fullxfull.8070102039_21p5.jpg,https://i.etsystatic.com/34343828/r/il/3a78b2/8070102079/il_fullxfull.8070102079_qg1s.jpg,https://i.etsystatic.com/34343828/r/il/be6517/8022186016/il_fullxfull.8022186016_ik51.jpg,https://i.etsystatic.com/34343828/r/il/4d0820/8022186112/il_fullxfull.8022186112_pljh.jpg,https://i.etsystatic.com/34343828/r/il/2df57c/8070102489/il_fullxfull.8070102489_ph21.jpg,https://i.etsystatic.com/34343828/r/il/dd357f/8022186358/il_fullxfull.8022186358_5p2k.jpg,https://i.etsystatic.com/34343828/r/il/30723f/8070102621/il_fullxfull.8070102621_3on2.jpg,https://i.etsystatic.com/34343828/r/il/076620/8070102659/il_fullxfull.8070102659_4vqm.jpg,"Custom Property",color,"Coffee,White,Mild Apricot,Navy Blue","Custom Property",size,"S,M,L,XL,2XL","260515PODPQ5331#020,260515PODPQ5331#017,260515PODPQ5331#015,260515PODPQ5331#014,260515PODPQ5331#011,260515PODPQ5331#008,260515PODPQ5331#006,260515PODPQ5331#004,260515PODPQ5331#002,260515PODPQ5331#001,260515PODPQ5331#019,260515PODPQ5331#018,260515PODPQ5331#016,260515PODPQ5331#013,260515PODPQ5331#012,260515PODPQ5331#010,260515PODPQ5331#009,260515PODPQ5331#007,260515PODPQ5331#005,260515PODPQ5331#003"
"Islamic Hoodie - Fleece Arabic Calligraphy Graphic","This hoodie makes a powerful statement through art and faith. Featuring a raised hand wrapped in a dark serpent and rising smoke, the design is topped with the Arabic word ""Rouh"" (Soul) – symbolizing divine resilience through hardship. A piece made to reflect struggle, faith, and inner strength.

Gender: Unisex
Model: Regular
Fabric: 42% cotton, 53% polyester, 5% other fibers
Fabric Weight: 10.3 oz/yd² (350 g/m²)
Fabric Thickness: Thick
Fabric Stretch: Slight Stretch
Care Instructions: Machine wash at 30°C (gentle cycle); Do not bleach; Tumble dry low;  Iron at low temperature; avoid ironing on print. Do not dry clean
Features: Basics, Casual, Street, Daily Casual, Outdoor, Cotton Blend, Drawstring, Long Sleeve, Rib Cuffs, Hooded, Long, Loose, Winter",69.99,USD,998,"arabic_hoodie,islamic_hoodie,arabic_calligraphy,muslim_streetwear,extra_thick_hoodie,arabic_text_hoodie,oversized_sweatshirt,muslim_mom_gift,palestinian_hoodie,hijabi_outfit,eid_al_adha_gift,muslim_wife_gift,arabic_sweatshirt",Fleece,https://i.etsystatic.com/34343828/r/il/150c43/7331977376/il_fullxfull.7331977376_ljaq.jpg,https://i.etsystatic.com/34343828/r/il/e89b6c/7379916963/il_fullxfull.7379916963_norp.jpg,https://i.etsystatic.com/34343828/r/il/00ee74/7098108019/il_fullxfull.7098108019_a8se.jpg,https://i.etsystatic.com/34343828/r/il/ebeee5/7098108127/il_fullxfull.7098108127_p3cq.jpg,https://i.etsystatic.com/34343828/r/il/de7f7c/7098108039/il_fullxfull.7098108039_5qua.jpg,https://i.etsystatic.com/34343828/r/il/9fb677/7098108063/il_fullxfull.7098108063_bfzv.jpg,https://i.etsystatic.com/34343828/r/il/2287df/7050143340/il_fullxfull.7050143340_i1dh.jpg,https://i.etsystatic.com/34343828/r/il/c80981/7050143362/il_fullxfull.7050143362_mj15.jpg,https://i.etsystatic.com/34343828/r/il/88ccb8/7050143382/il_fullxfull.7050143382_h9hs.jpg,https://i.etsystatic.com/34343828/r/il/11c162/7050143398/il_fullxfull.7050143398_f3ij.jpg,Color,"Primary color","White,Cream Apricot,Gray Apricot,Ash Purple,Grayish Green,Dark Brown","Custom Property",Size,"S,M,L,XL,2XL","250725PODRB1283#001,250725PODRB1283#003,250725PODRB1283#005,250725PODRB1283#006,250725PODRB1283#007,250725PODRB1283#008,250725PODRB1283#009,250725PODRB1283#011,250725PODRB1283#013,250725PODRB1283#014,250725PODRB1283#015,250725PODRB1283#017,250725PODRB1283#022,250725PODRB1283#026,250725PODRB1283#027,250725PODRB1283#028,250725PODRB1283#029,250725PODRB1283#002,250725PODRB1283#004,250725PODRB1283#010,250725PODRB1283#012,250725PODRB1283#016,250725PODRB1283#018,250725PODRB1283#019,250725PODRB1283#020,250725PODRB1283#021,250725PODRB1283#023,250725PODRB1283#024,250725PODRB1283#025,250725PODRB1283#030"
"Islamic Hoodie - Cotton Zip Up Bismillah Arabic Calligraphy Rose Graphic","A meaningful Arabic hoodie statement piece made to stand out with elegance and purpose, this hoodie features beautiful Arabic calligraphy reading “Bismillah” paired with a bold red rose design for a soft yet powerful look. The earthy oversized style gives it a relaxed, streetwear-inspired feel, while the back graphic adds a unique blend of faith, beauty, and everyday wearability. Perfect for layering, gifting, or wearing as a reminder to begin everything with the name of Allah, this hoodie is made for anyone who loves modest fashion, Arabic art, and timeless pieces with deeper meaning.

Gender: Unisex
Model: Oversized
Fabric: 100% cotton
Fabric Weight: 12.4 oz/yd² (420 g/m²)
Fabric Thickness: Thick
Care Instructions: Machine wash at 30°C (gentle cycle); Do not bleach; Tumble dry low;  Iron at low temperature, avoid ironing on print; Do not dry clean
Features: Basics, Casual, Preppy, Sporty, Street, Daily Casual, Outdoor, School, Sport, Office, Holiday, Pure Cotton, Snow Wash, Patchwork, Zipper, Long Sleeve, Drop Shoulder, Hooded, Regular, Oversized, Autumn, Winter
Print Size: 40*52 cm",89.99,USD,999,"arabic_hoodie,islamic_hoodie,arabic_calligraphy,muslim_streetwear,extra_thick_hoodie,arabic_text_hoodie,oversized_sweatshirt,muslim_mom_gift,palestinian_hoodie,hijabi_outfit,eid_al_adha_gift,muslim_wife_gift,arabic_sweatshirt",Cotton,https://i.etsystatic.com/34343828/r/il/8f378a/8025094746/il_fullxfull.8025094746_sein.jpg,https://i.etsystatic.com/34343828/r/il/85a97e/8044673953/il_fullxfull.8044673953_grn7.jpg,https://i.etsystatic.com/34343828/r/il/7b8907/8044673979/il_fullxfull.8044673979_27v6.jpg,https://i.etsystatic.com/34343828/r/il/2765ce/7996741896/il_fullxfull.7996741896_8e43.jpg,https://i.etsystatic.com/34343828/r/il/c2f557/7996741836/il_fullxfull.7996741836_acf2.jpg,https://i.etsystatic.com/34343828/r/il/a8b2f4/7996741932/il_fullxfull.7996741932_nz14.jpg,https://i.etsystatic.com/34343828/r/il/dbc21c/7996741988/il_fullxfull.7996741988_sogl.jpg,https://i.etsystatic.com/34343828/r/il/a4ad4a/8044674229/il_fullxfull.8044674229_squ7.jpg,https://i.etsystatic.com/34343828/r/il/e44039/8044674281/il_fullxfull.8044674281_fzjk.jpg,https://i.etsystatic.com/34343828/r/il/822f88/8044674357/il_fullxfull.8044674357_b2ub.jpg,"Custom Property",color,"Khaki,Light Gray","Custom Property",size,"S,M,L,XL,2XL","260508PODTZ5264#009,260508PODTZ5264#007,260508PODTZ5264#003,260508PODTZ5264#001,260508PODTZ5264#010,260508PODTZ5264#008,260508PODTZ5264#006,260508PODTZ5264#005,260508PODTZ5264#004,260508PODTZ5264#002"
"Arabic Shirt - Cotton Snow Washed Deconstructed Boxy Islamic Graphic Tee","This Snow Wash Raw-Hem Boxy T-Shirt is a premium unisex streetwear tee featuring bold Arabic calligraphy reading “Ameen"". The graphic showcases semi-realistic expressive hands framing the calligraphy for a powerful, artistic aesthetic.
Designed with a relaxed oversized boxy fit, this T-shirt delivers modern minimalist streetwear energy with a vintage-inspired raw-hem finish. The snow-washed fabric treatment gives each shirt a unique, slightly distressed look, perfect for effortless everyday styling.
A cultural statement. A comfort piece. An intentional graphic tee.

Gender: Unisex
Model: Loose
Fabric: 100% cotton
Fabric Weight: 10.0 oz/yd² (340 g/m²)
Fabric Thickness: Thick
Care Instructions: Machine wash at 30°C (gentle cycle); Do not bleach; Tumble dry low;  Iron at low temperature, avoid ironing on print; Do not dry clean
Features: Basics, Casual, Sporty, Street, Vintage, Daily Casual, Outdoor, Running, Sport, Office, Pure Cotton, Washed, Frayed, Short Sleeve, Drop Shoulder, Round Neck / O-Neck, Regular, Oversized, Spring, Summer, Autumn
Print Size: 40*52 cm",49.99,USD,999,"deconstructed_shirt,Arabic_shirt,palestine_shirt,palestine_t_shirt,islamic_clothing,persian_shirt,arabic_tunic,arabic_text_shirt,hijabi_outfit,eid_al_adha_gift,muslim_wife_gift,muslim_streetwear,islamic_graphic_tee",,https://i.etsystatic.com/34343828/r/il/fad486/7623819688/il_fullxfull.7623819688_9kxg.jpg,https://i.etsystatic.com/34343828/r/il/0e749b/7572915346/il_fullxfull.7572915346_la74.jpg,https://i.etsystatic.com/34343828/r/il/489715/7620867277/il_fullxfull.7620867277_kfgl.jpg,https://i.etsystatic.com/34343828/r/il/b03acc/7572915414/il_fullxfull.7572915414_jjwy.jpg,https://i.etsystatic.com/34343828/r/il/6ad61d/7572915444/il_fullxfull.7572915444_jmc1.jpg,https://i.etsystatic.com/34343828/r/il/cf5337/7572915468/il_fullxfull.7572915468_777w.jpg,https://i.etsystatic.com/34343828/r/il/dc2f16/7572915498/il_fullxfull.7572915498_ofvz.jpg,https://i.etsystatic.com/34343828/r/il/fb8db8/7620867471/il_fullxfull.7620867471_rxik.jpg,https://i.etsystatic.com/34343828/r/il/bfb756/7572915572/il_fullxfull.7572915572_igiw.jpg,https://i.etsystatic.com/34343828/r/il/95493a/7620867555/il_fullxfull.7620867555_lcle.jpg,Color,"Primary color","Washed Black","Custom Property",size,"S,M,L,XL","260106PODPQ4453#003,260106PODPQ4453#001,260106PODPQ4453#002,260106PODPQ4453#004"
"Arabic Pants - 1948 Contrast-Stitched Fleece Sweatpants - Palestine Calligraphy Joggers","Make your fit stand out with these black sweatpants, designed with a bold streetwear silhouette, contrast exposed stitching, and a subtle red Arabic-inspired leg graphic. The clean black base keeps it easy to style, while the red detail adds a sharp statement without overpowering the piece.
Made with a relaxed fit, these sweatpants give you that effortless oversized look that works for everyday wear, layering, gym fits, campus outfits, or streetwear styling. The exposed seam details and front pockets give it a premium, structured look while still keeping it comfortable and wearable.

Gender: Unisex
Model: Oversized
Fabric: 57.4% polyester, 36.8% cotton, 5.8% other fibers
Fabric Weight: 10.3 oz/yd² (350 g/m²)
Fabric Thickness: Thick
Care Instructions: Machine wash at 30°C (gentle cycle); Do not bleach; Tumble dry low;  Iron at low temperature, avoid ironing on print; Do not dry clean
Features: Basics, Casual, Preppy, Sporty, Street, Daily Casual, Holiday, Outdoor, School, Sport, Office, Cotton Blend, Drawstring, Patchwork, Regular, Oversized, Autumn, Winter
Print Size: 40*52 cm",69.99,USD,999,"islamic_pants,arabic_pants,wide_leg_sweatpants,muslim_gym_clothes,sport_hijab_outfit,modest_gym_clothes,muslim_sportswear,baggy_sweatpants,baggy_joggers,baggy_sweats,arabic_streetwear,muslim_streetwear,palestine_pants","Cotton,Fleece",https://i.etsystatic.com/34343828/r/il/0e4186/8040110397/il_fullxfull.8040110397_eiww.jpg,https://i.etsystatic.com/34343828/r/il/01b426/8040081777/il_fullxfull.8040081777_a199.jpg,https://i.etsystatic.com/34343828/r/il/6a94db/7992143876/il_fullxfull.7992143876_63ip.jpg,https://i.etsystatic.com/34343828/r/il/e501b0/7992143926/il_fullxfull.7992143926_gmpx.jpg,https://i.etsystatic.com/34343828/r/il/bc9636/8040082073/il_fullxfull.8040082073_a4yd.jpg,https://i.etsystatic.com/34343828/r/il/450f8e/8040082197/il_fullxfull.8040082197_2n0m.jpg,https://i.etsystatic.com/34343828/r/il/b0eda5/8040082327/il_fullxfull.8040082327_axs5.jpg,https://i.etsystatic.com/34343828/r/il/e61518/8040082449/il_fullxfull.8040082449_6cxp.jpg,https://i.etsystatic.com/34343828/r/il/112ff0/8040082641/il_fullxfull.8040082641_2ngr.jpg,https://i.etsystatic.com/34343828/r/il/e9a27c/8040082807/il_fullxfull.8040082807_fzmc.jpg,"Custom Property",color,Black,"Custom Property",size,"S,M,L,XL","260507PODPX3758#002,260507PODPX3758#001,260507PODPX3758#004,260507PODPX3758#003"
"Sun Fade Raw Edge Quarter-Zip Sweatshirt | Matcha Arabic Calligraphy Pullover | Intention Streetwear Zip-Up | Unisex Performative Top","This Sun Fade Raw Edge Quarter-Zip Sweatshirt is a performative streetwear piece built around intention, ritual, and aesthetic culture. Designed with Arabic calligraphy on both sides, the front features “نية” (Intention) while the back displays “ماتشا” (Matcha) — blending wellness symbolism with modern fashion.
The sun-faded wash gives the sweatshirt a naturally worn, elevated look, while the raw edge detailing adds subtle texture and depth. Finished with a clean quarter-zip collar, this piece is made for layering, everyday wear, and intentional styling.
Minimal. Calm. Deliberate.

Gender: Unisex
Model: Oversized
Fabric: 56.44% cotton, 43.56% polyester
Fabric Weight: 13.7 oz/yd² (465 g/m²)
Fabric Thickness: Thick
Care Instructions: Machine wash at 30°C (gentle cycle); Do not bleach; Tumble dry low;  Iron at low temperature, avoid ironing on print; Do not dry clean
Features: Basics, Casual, Street, Vintage, Daily Casual, Outdoor, School, Office, Cotton Blend, Washed, Long Sleeve, Drop Shoulder, Stand Collar, Regular, Oversized, Spring, Autumn
Print Size: 40*52 cm",84.99,USD,999,"performative,sweatshirt,quarterzip,quarter_zip,Matcha_hoodie,Arabic_cafe,Arabic_calligraphy,Islamic_hoodie,fashion,streetwear_pullover,Arabic_clothing,Islamic_clothing,matcha_sweater",,https://i.etsystatic.com/34343828/r/il/8c4dfe/7564786302/il_fullxfull.7564786302_40ja.jpg,https://i.etsystatic.com/34343828/r/il/a2bacb/7564785630/il_fullxfull.7564785630_3h8u.jpg,https://i.etsystatic.com/34343828/r/il/6701fa/7612701591/il_fullxfull.7612701591_rkpr.jpg,https://i.etsystatic.com/34343828/r/il/71e524/7564756492/il_fullxfull.7564756492_m5nt.jpg,https://i.etsystatic.com/34343828/r/il/8b9b4e/7564756534/il_fullxfull.7564756534_mk6x.jpg,https://i.etsystatic.com/34343828/r/il/7c5833/7612701753/il_fullxfull.7612701753_2khw.jpg,https://i.etsystatic.com/34343828/r/il/3ea057/7612701849/il_fullxfull.7612701849_n674.jpg,https://i.etsystatic.com/34343828/r/il/80529f/7612701905/il_fullxfull.7612701905_cvby.jpg,https://i.etsystatic.com/34343828/r/il/04a34d/7612701969/il_fullxfull.7612701969_2mwm.jpg,,Color,"Primary color","Gray green","Custom Property",size,"S,M,L,XL,2XL","260104PODRA1142#001,260104PODRA1142#002,260104PODRA1142#003,260104PODRA1142#004,260104PODRA1142#005"
"Arabic Pants - 100% Cotton ""Rahma"" Arabic Calligraphy Loose Fit Sunfade Sweatpants","These Rahma Arabic calligraphy sweatpants feature the word “رحمة” (Rahma) — meaning mercy — rendered in a bold yet minimal design that blends cultural depth with modern streetwear.
Designed with a loose, wide-leg fit, these joggers are made from soft cotton fabric and finished with a vintage sun-faded wash, giving each pair a worn-in, elevated feel. The clean silhouette and subtle graphic make them easy to style for everyday wear, lounging, or intentional street fits.
This piece is for those who appreciate meaningful design, minimal aesthetics, and comfort without compromise.

Gender: Unisex
Model: Loose
Fabric: 100% cotton
Fabric Weight: 10.3 oz/yd² (350 g/m²)
Fabric Thickness: Thick
Care Instructions: Machine wash at 30°C (gentle cycle); Do not bleach; Tumble dry low;  Iron at low temperature, avoid ironing on print; Do not dry clean
Features: Basics, Casual, Street, Daily Casual, Outdoor, Home, School, Pure Cotton, Washed, Drawstring, Long, Loose, Mid Waist, Spring, Autumn, Winter
Print Size: 40*52 cm",69.99,USD,999,"islamic_pants,arabic_pants,wide_leg_sweatpants,muslim_gym_clothes,sport_hijab_outfit,modest_gym_clothes,muslim_sportswear,baggy_sweatpants,baggy_sweats,baggy_joggers,arabic_streetwear,muslim_streetwear,vintage_sweatpants",Cotton,https://i.etsystatic.com/34343828/r/il/558857/7611114673/il_fullxfull.7611114673_p2aw.jpg,https://i.etsystatic.com/34343828/r/il/f1bf77/7563168794/il_fullxfull.7563168794_5dil.jpg,https://i.etsystatic.com/34343828/r/il/7bf692/7611114717/il_fullxfull.7611114717_b3vb.jpg,https://i.etsystatic.com/34343828/r/il/46d5cf/7563168840/il_fullxfull.7563168840_nahh.jpg,https://i.etsystatic.com/34343828/r/il/e3de0f/7563168894/il_fullxfull.7563168894_ko7p.jpg,https://i.etsystatic.com/34343828/r/il/fbcbb6/7611114849/il_fullxfull.7611114849_n1tj.jpg,https://i.etsystatic.com/34343828/r/il/457cc4/7563168960/il_fullxfull.7563168960_gdpu.jpg,https://i.etsystatic.com/34343828/r/il/3f3616/7563168974/il_fullxfull.7563168974_odc5.jpg,https://i.etsystatic.com/34343828/r/il/489c3d/7611114913/il_fullxfull.7611114913_5fil.jpg,,Color,"Primary color",Black,"Custom Property",size,"S,M,L,XL,2XL","260103PODPX4643#001,260103PODPX4643#003,260103PODPX4643#002,260103PODPX4643#004,260103PODPX4643#005"
"Arabic Pants - 100% Cotton Loose Fit Calligraphy Sunfade Joggers","Elevate your everyday fit with these sunfade loose-fit cotton sweatpants, designed for comfort, movement, and understated statement style. Featuring a minimal Arabic calligraphy graphic on the leg, these joggers blend modern streetwear aesthetics with cultural depth, making them perfect for casual wear, lounging, or styling up with oversized tops.
Crafted from soft, breathable cotton, these pants offer a relaxed, wide-leg silhouette with a vintage sun-faded wash that gives each pair a worn-in, one-of-one feel. The elastic waistband ensures all-day comfort, while the clean design keeps them versatile and timeless.

Gender: Unisex
Model: Loose
Fabric: 100% cotton
Fabric Weight: 10.3 oz/yd² (350 g/m²)
Fabric Thickness: Thick
Care Instructions: Machine wash at 30°C (gentle cycle); Do not bleach; Tumble dry low;  Iron at low temperature, avoid ironing on print; Do not dry clean
Features: Basics, Casual, Street, Daily Casual, Outdoor, Home, School, Pure Cotton, Washed, Drawstring, Long, Loose, Mid Waist, Spring, Autumn, Winter
Print Size: 40*52 cm",69.99,USD,999,"islamic_pants,arabic_pants,wide_leg_sweatpants,muslim_gym_clothes,sport_hijab_outfit,modest_gym_clothes,muslim_sportswear,baggy_sweatpants,baggy_joggers,vintage_sweatpants,baggy_sweats,arabic_streetwear,muslim_streetwear",Cotton,https://i.etsystatic.com/34343828/r/il/0e9843/7611105295/il_fullxfull.7611105295_l2du.jpg,https://i.etsystatic.com/34343828/r/il/dd6949/7611105301/il_fullxfull.7611105301_lp1y.jpg,https://i.etsystatic.com/34343828/r/il/bf0c2d/7563159252/il_fullxfull.7563159252_mneg.jpg,https://i.etsystatic.com/34343828/r/il/e6d44d/7563159298/il_fullxfull.7563159298_9eht.jpg,https://i.etsystatic.com/34343828/r/il/89fa03/7611105387/il_fullxfull.7611105387_t0uy.jpg,https://i.etsystatic.com/34343828/r/il/02c97d/7611105413/il_fullxfull.7611105413_n216.jpg,https://i.etsystatic.com/34343828/r/il/6db918/7563159380/il_fullxfull.7563159380_b75j.jpg,https://i.etsystatic.com/34343828/r/il/5fa555/7611105463/il_fullxfull.7611105463_igwu.jpg,https://i.etsystatic.com/34343828/r/il/b26f7b/7611105519/il_fullxfull.7611105519_gseq.jpg,https://i.etsystatic.com/34343828/r/il/6ad672/7611105551/il_fullxfull.7611105551_1bty.jpg,Color,"Primary color",Black,"Custom Property",size,"S,M,L,XL,2XL","260103PODPX4615#003,260103PODPX4615#004,260103PODPX4615#005,260103PODPX4615#001,260103PODPX4615#002"
"Arabic Pants - 100% Cotton Arabic Calligraphy Snow Washed Baggy Joggers","These washed black joggers feature a minimal Arabic calligraphy design, blending cultural expression with modern streetwear. The artwork is placed subtly on the leg, giving the piece a quiet but intentional presence — clean, symbolic, and expressive without being loud.

Made from heavyweight fabric with a vintage wash, these joggers are built for everyday wear while keeping a premium, elevated feel. The relaxed fit and elastic waistband make them comfortable, versatile, and easy to style.

Gender: Unisex
Model: Loose
Fabric: 100% cotton
Fabric Weight: 7.1 oz/yd² (240 g/m²)
Fabric Thickness: Thick
Care Instructions: Machine wash at 30°C (gentle cycle); Do not bleach; Tumble dry low;  Iron at low temperature, avoid ironing on print; Do not dry clean
Features: Basics, Casual, Sporty, Street, Vintage, Daily Casual, Outdoor, School, Sport, Office, Pure Cotton, Washed, Drawstring, Pocket, Regular, Loose, Mid Waist, Spring, Autumn, Winter
Print Size:40*52cm
Notes:Minor batch differences can occur during blank garment production due to variations in fabric, dye and processing. This is common in apparel manufacturing, and we work hard to keep every item consistent.",69.99,USD,999,"islamic_pants,arabic_pants,wide_leg_sweatpants,muslim_gym_clothes,sport_hijab_outfit,modest_gym_clothes,muslim_sportswear,baggy_sweatpants,baggy_joggers,vintage_sweatpants,baggy_sweats,arabic_streetwear,muslim_streetwear",Cotton,https://i.etsystatic.com/34343828/r/il/5662db/7609675621/il_fullxfull.7609675621_6pv8.jpg,https://i.etsystatic.com/34343828/r/il/7c4715/7561731082/il_fullxfull.7561731082_5xu8.jpg,https://i.etsystatic.com/34343828/r/il/17c749/7561731136/il_fullxfull.7561731136_hezk.jpg,https://i.etsystatic.com/34343828/r/il/17842c/7609675753/il_fullxfull.7609675753_ppct.jpg,https://i.etsystatic.com/34343828/r/il/627fba/7561731278/il_fullxfull.7561731278_qor2.jpg,https://i.etsystatic.com/34343828/r/il/5b6285/7609675891/il_fullxfull.7609675891_caom.jpg,https://i.etsystatic.com/34343828/r/il/815c5e/7609676155/il_fullxfull.7609676155_9cps.jpg,https://i.etsystatic.com/34343828/r/il/e4f3ad/7561731646/il_fullxfull.7561731646_bimz.jpg,https://i.etsystatic.com/34343828/r/il/a8b425/7609676285/il_fullxfull.7609676285_2r1g.jpg,,Color,"Primary color",Black,"Custom Property",size,"S,M,L,XL,2XL","260103PODPX1262#005,260103PODPX1262#001,260103PODPX1262#002,260103PODPX1262#003,260103PODPX1262#004"
"Palestine Jacket - Arabic 1948 Contrast-Stitched Boxy Fleece Zip Up Hoodie","Make your fit stand out with this oversized black zip-up hoodie, designed with a bold streetwear silhouette, contrast exposed stitching, and a subtle red Arabic-inspired chest graphic. The clean black base keeps it easy to style, while the red detail adds a sharp statement without overpowering the piece.
Made with a relaxed drop-shoulder fit, roomy sleeves, and a full zip front, this hoodie gives you that effortless oversized look that works for everyday wear, layering, gym fits, campus outfits, or streetwear styling. The exposed seam details and front pockets give it a premium, structured look while still keeping it comfortable and wearable.

Gender: Unisex
Model: Bodycon
Fabric: 57.4% polyester, 36.8% cotton, 5.8% other fibers
Fabric Weight: 10.3 oz/yd² (350 g/m²)
Fabric Thickness: Thick
Care Instructions: Machine wash at 30°C (gentle cycle); Do not bleach; Tumble dry low;  Iron at low temperature, avoid ironing on print; Do not dry clean
Features: Basics, Casual, Sporty, Street, Daily Casual, Home, Outdoor, Running, Sport, Cotton Blend, Patchwork, Pocket, Zipper, Long Sleeve, Drop Shoulder, Hooded, Crop, Loose, Winter
Print Size: 40*52 cm",84.99,USD,999,"arabic_zip_hoodie,arabic_hoodie,islamic_hoodie,arabic_calligraphy,modest_gym_wear,muslim_streetwear,palestine_hoodie,palestinian_hoodie,keffiyeh_hoodie,extra_thick_hoodie,arabic_text_hoodie,arabic_sweatshirt,palestine_jacket",Cotton,https://i.etsystatic.com/34343828/r/il/f6653c/8011603369/il_fullxfull.8011603369_jjke.jpg,https://i.etsystatic.com/34343828/r/il/1653a4/7963645230/il_fullxfull.7963645230_t7xg.jpg,https://i.etsystatic.com/34343828/r/il/b67e0a/7963538554/il_fullxfull.7963538554_8lk8.jpg,https://i.etsystatic.com/34343828/r/il/6811ee/7963538568/il_fullxfull.7963538568_h5gl.jpg,https://i.etsystatic.com/34343828/r/il/b610dd/8011496527/il_fullxfull.8011496527_b5uw.jpg,https://i.etsystatic.com/34343828/r/il/775d76/7963538774/il_fullxfull.7963538774_9l5o.jpg,https://i.etsystatic.com/34343828/r/il/251459/7963538818/il_fullxfull.7963538818_rskj.jpg,https://i.etsystatic.com/34343828/r/il/2867e4/7963538868/il_fullxfull.7963538868_k4q7.jpg,https://i.etsystatic.com/34343828/r/il/2693cf/7963538920/il_fullxfull.7963538920_60h0.jpg,,"Custom Property",color,Black,"Custom Property",size,"S,M,L,XL","260429PODTZ3123#004,260429PODTZ3123#001,260429PODTZ3123#003,260429PODTZ3123#002"
"Baggy Sweatpants - 100% Cotton Sun Fade Straight-Leg Joggers","Designed for effortless style and everyday comfort, these sun-faded straight-leg sweatpants feature a clean silhouette with a naturally worn-in look. The raw edge finish and relaxed fit give them a modern streetwear feel that works for both lounging and daily wear.

Crafted from soft cotton fabric with a smooth interior, these pants balance structure and comfort while keeping a minimal, elevated aesthetic.

Gender: Unisex
Model: Loose
Fabric: 56.44% cotton, 43.56% polyester
Fabric Weight: 13.7 oz/yd² (465 g/m²)
Fabric Thickness: Thick
Care Instructions: Machine wash at 30°C (gentle cycle); Do not bleach; Tumble dry low;  Iron at low temperature, avoid ironing on print; Do not dry clean
Features: Basics, Casual, Street, Daily Casual, Outdoor, School, Office, Cotton Blend, Drawstring, Regular, Oversized, Mid Waist, Spring, Autumn, Winter
Print Size: 40*52 cm",69.99,USD,999,"wide_leg_sweatpants,baggy_sweats,baggy_sweatpants,baggy_gym_pants,vintage_sweatpants,baggy_joggers,hip_hop_dance_pants,martial_art_pants,baggy_dance_pants,fleece_lined_joggers,flowy_yoga_pants,islamic_pants,modest_gymwear",Cotton,https://i.etsystatic.com/34343828/r/il/020737/7545978654/il_fullxfull.7545978654_rbyw.jpg,https://i.etsystatic.com/34343828/r/il/42093e/7593916711/il_fullxfull.7593916711_t0gx.jpg,https://i.etsystatic.com/34343828/r/il/86285e/7593916725/il_fullxfull.7593916725_e3m6.jpg,https://i.etsystatic.com/34343828/r/il/b7a361/7545978722/il_fullxfull.7545978722_epcy.jpg,https://i.etsystatic.com/34343828/r/il/2e77c8/7593916757/il_fullxfull.7593916757_i2x1.jpg,https://i.etsystatic.com/34343828/r/il/816845/7593916789/il_fullxfull.7593916789_6jd2.jpg,https://i.etsystatic.com/34343828/r/il/78e712/7593916843/il_fullxfull.7593916843_a26m.jpg,https://i.etsystatic.com/34343828/r/il/96e388/7593916877/il_fullxfull.7593916877_68jp.jpg,https://i.etsystatic.com/34343828/r/il/4cac20/7593916917/il_fullxfull.7593916917_1h47.jpg,https://i.etsystatic.com/34343828/r/il/e42e12/7545978898/il_fullxfull.7545978898_ht51.jpg,Color,"Primary color",Black,"Custom Property",size,"S,M,L,XL,2XL","251228PODPX2104#002,251228PODPX2104#003,251228PODPX2104#001,251228PODPX2104#004,251228PODPX2104#005"
"Arabic Hoodie - Bismillah Rose Islamic Sweater, Vintage Calligraphy Sweatshirt","This washed tee features an elegant gold “بسم الله” (Bismillah) calligraphy design intertwined with a detailed red rose and green leaves. Symbolizing beauty, grace, and the beginning of all things in the name of God, this piece blends deep meaning with a soft aesthetic for spiritual streetwear done right.

Gender: Unisex
Model: Regular
Fabric: 42% cotton, 53% polyester, 5% other fibers
Fabric Weight: 10.3 oz/yd² (350 g/m²)
Fabric Thickness: Thick
Fabric Stretch: Slight Stretch
Care Instructions: Machine wash at 30°C (gentle cycle); Do not bleach; Tumble dry low;  Iron at low temperature; avoid ironing on print. Do not dry clean
Features: Basics, Casual, Street, Daily Casual, Outdoor, Cotton Blend, Drawstring, Long Sleeve, Rib Cuffs, Hooded, Long, Loose, Winter",69.99,USD,998,"arabic_hoodie,islamic_hoodie,arabic_calligraphy,muslim_streetwear,extra_thick_hoodie,arabic_text_hoodie,oversized_sweatshirt,muslim_mom_gift,palestinian_hoodie,hijabi_outfit,eid_al_adha_gift,muslim_wife_gift,arabic_sweatshirt",Fleece,https://i.etsystatic.com/34343828/r/il/162ce8/7331987976/il_fullxfull.7331987976_3vjs.jpg,https://i.etsystatic.com/34343828/r/il/cfff75/7379931371/il_fullxfull.7379931371_g3my.jpg,https://i.etsystatic.com/34343828/r/il/d3041e/7387013389/il_fullxfull.7387013389_5ien.jpg,https://i.etsystatic.com/34343828/r/il/52caa1/7211092759/il_fullxfull.7211092759_l7zb.jpg,https://i.etsystatic.com/34343828/r/il/5af1e8/7211092755/il_fullxfull.7211092755_k844.jpg,https://i.etsystatic.com/34343828/r/il/ce59c5/7163099340/il_fullxfull.7163099340_l6gt.jpg,https://i.etsystatic.com/34343828/r/il/66427d/7211092737/il_fullxfull.7211092737_c8yy.jpg,https://i.etsystatic.com/34343828/r/il/9d63d0/7211092819/il_fullxfull.7211092819_o5rr.jpg,https://i.etsystatic.com/34343828/r/il/edcdad/7211092843/il_fullxfull.7211092843_e5il.jpg,https://i.etsystatic.com/34343828/r/il/e39372/7211092855/il_fullxfull.7211092855_7llm.jpg,Color,"Primary color","Black,Gray Apricot,Dark Brown,Dark Gray,Ash Purple","Custom Property",size,"S,M,L,XL,2XL","250902PODRB2326#001,250902PODRB2326#003,250902PODRB2326#004,250902PODRB2326#006,250902PODRB2326#010,250902PODRB2326#011,250902PODRB2326#012,250902PODRB2326#013,250902PODRB2326#014,250902PODRB2326#016,250902PODRB2326#021,250902PODRB2326#022,250902PODRB2326#024,250902PODRB2326#025,250902PODRB2326#002,250902PODRB2326#005,250902PODRB2326#007,250902PODRB2326#008,250902PODRB2326#009,250902PODRB2326#015,250902PODRB2326#017,250902PODRB2326#018,250902PODRB2326#019,250902PODRB2326#020,250902PODRB2326#023"
